전체순위,광역순위,기초순위,지역명_정책,지역유형,행정적_강도,집중도_지수,청년1인당_정책예산_원,전체1인당_총예산_원,재정자립도,총예산_백만원,청년정책예산_백만원,청년인구,전체인구,일자리_점수,일자리_정책수,주거_점수,주거_정책수,교육_점수,교육_정책수,복지·문화_점수,복지·문화_정책수,참여·권리_점수,참여·권리_정책수,전략적_강도,엔트로피,정규화_엔트로피,행정적_강도_정규화,전략적_강도_정규화,종합점수,지역명_정제,지역명_이동,전입,전출,순이동,순이동률_인구대비
6,1,0,경상북도,광역자치단체,0.361630887504919,0.1102242369649766,603576.9771398979,5475900.707134694,0.253,13372746.4,261073.6,432544,2442109,0.9232912800654212,90,0.2986251890023018,6,0.9236237676974932,38,0.5701351259687467,20,0.918664500038368,25,4.447260532724552,1.8875433424767185,0.8129206699522209,0.3845434303812446,0.759997740959823,0.5722705856705338,경상북도,경상북도,99868,107828,-7960,-1.8402709544671652
13,2,0,전라북도,광역자치단체,0.4892465044506701,0.1501986441700923,888452.7523873136,5915184.902609282,0.238,9861808.1,291305.0,327879,1667202,0.5284519236873597,36,0.2986251890023018,6,0.5,16,0.7784520067899381,24,0.4647466519325482,12,3.4749055909062485,2.100485393356235,0.9046298194941004,0.5204469841940342,0.5542912268166136,0.5373691055053239,전라북도,전라북도,65357,73336,-7979,-2.4335122605831403
14,3,0,전라남도,광역자치단체,0.588203057546815,0.1913791694155728,1353725.4244276036,7073525.444600704,0.239,11809873.2,387448.4,286209,1669588,0.4272890065983927,32,0.442872538941105,7,0.7776426799526889,21,0.165113536864122,12,0.2483659009092156,9,2.9656450171636597,2.0998620355464532,0.9043613538981354,0.6258302245896594,0.4465546247695659,0.5361924246796127,전라남도,전라남도,58345,65453,-7108,-2.4834911428671256
16,4,0,경상남도,광역자치단체,0.2392590982244563,0.0910936707706228,376220.3125820397,4130037.8983450546,0.337,12742649.6,214961.0,571370,3085359,0.850800793150559,55,0.9119293073184022,13,0.2634673136260432,12,0.8376599789610661,26,0.7609468536732412,16,4.50818001546043,2.051135015759503,0.8833757687311176,0.2542242621816786,0.7728855599013003,0.5135549110414894,경상남도,경상남도,114350,127496,-13146,-2.3007818037667294
18,5,0,충청남도,광역자치단체,0.2426410749842658,0.0922693135440382,449470.2486667661,4871286.361659593,0.336,9890664.7,183987.50000000003,409343,2030401,0.8428018137273706,54,0.442872538941105,7,0.6301048453992891,18,0.8866583889922461,29,0.7026714562282714,15,4.376862881948311,2.0241497298106257,0.8717538386600289,0.2578258798486273,0.7451047685253213,0.5014653241869743,충청남도,충청남도,99191,97433,1758,0.42946763602251403
20,6,0,부산광역시,광역자치단체,0.1172914249318934,0.0572456539748158,303213.67998519377,5296710.910466442,0.46,16690868.3,199873.0,659182,3151176,0.2940617528189456,26,0.9119293073184022,13,0.8374899963494787,23,0.9213979142580072,37,0.9048900357803196,22,4.837780800930698,2.247653781612565,0.9680117944055454,0.1243354550948242,0.8426142420131686,0.4834748485539964,부산광역시,부산광역시,144175,150840,-6665,-1.0111001042199208
36,7,6,제주특별자치도,광역자치단체,0.1384133974630616,0.0494339227807768,626193.9892832182,12667293.10680404,0.3329999999999999,8070231.1,80635.0,128770,637092,0.710399510392834,44,0.2986251890023018,6,0.6872124271805796,19,0.6327510193214541,21,0.8958166774843787,21,4.12987525900565,2.101508472327547,0.9050704356241024,0.1468291843046446,0.6928533109896161,0.4198412476471304,제주특별자치도,제주특별자치도,51334,56454,-5120,-3.9760505082666127
63,8,0,대구광역시,광역자치단체,0.1505543651238985,0.0770148097930247,395146.2978889679,5130783.27338486,0.474,11649756.4,196185.0,496487,2270561,0.1681660555247241,17,0.8717416649669374,11,0.7365326863739567,20,0.3743343283735903,17,0.3089944008668283,10,3.438703122956124,2.273014327107312,0.9789339868500868,0.159758641461407,0.5466324150338757,0.3531955282476413,대구광역시,대구광역시,109617,116643,-7026,-1.4151399429593465
74,9,0,울산광역시,광역자치단체,0.1524021631720442,0.0819849994545976,403721.01924759406,4924327.888434884,0.498,5194230.3,88599.0,219456,1054810,0.20047890594354,20,0.8717416649669374,11,0.3127875728194204,13,0.3170994644564038,16,0.5502317152680057,13,3.238491004257326,2.2897732934769226,0.9861516808030184,0.1617264438940676,0.5042765475872205,0.3330014957406441,울산광역시,울산광역시,46970,48955,-1985,-0.9045052105879512
88,10,0,광주광역시,광역자치단체,0.1120774338927025,0.0501675778417854,269856.39181046,5379099.478581806,0.423,7467959.8,89878.1,333059,1388329,0.578504750369985,38,0.1986228754132843,5,0.4332110930515498,15,0.8114169462159748,25,0.3089944008668283,10,3.206884366549227,2.0343208475310144,0.8761343006316051,0.118782843833498,0.4975900065031981,0.308186425168348,광주광역시,광주광역시,67346,72787,-5441,-1.6336395844592566
93,11,0,충청북도,광역자치단체,0.180311397392853,0.0634264643241725,323173.4842160591,5095246.718535661,0.321,7774159.3,104524.0,323430,1525767,0.8243957503530676,52,0.1986228754132843,5,0.5,16,0.1146344393798496,9,0.3822625133249833,11,2.8049796253084627,1.8228622666374432,0.7850640468372778,0.1914482303460644,0.4125650636735097,0.3020066470097871,충청북도,충청북도,74068,75344,-1276,-0.3945200058126772
128,12,0,대전광역시,광역자치단체,0.1631693794799669,0.0749708586404554,404099.9815059821,5390094.0823415285,0.423,7540100.2,142027.0,351465,1398881,0.4029016042537714,31,0.2986251890023018,6,0.1131821139016799,6,0.2674594700035003,15,0.4647466519325482,12,2.4256629660051825,2.0403895230388427,0.878747936911381,0.1731929320554637,0.3323187416917311,0.2527558368735975,대전광역시,대전광역시,83779,83165,614,0.1746968412307307
151,13,9,세종특별자치시,광역자치단체,0.1009147829371613,0.0607363168606896,409812.4621899577,6747403.915353328,0.5720000000000001,2503293.6,33871.0,82650,371001,0.20047890594354,20,0.442872538941105,7,0.1625100036505212,9,0.5701351259687467,20,0.2008715955154131,8,2.5118539680497505,2.170969792767523,0.9349857980304244,0.1068952397052769,0.3505528759760112,0.2287240578406441,세종특별자치시,세종특별자치시,20371,31468,-11097,-13.426334829584638
155,14,0,인천광역시,광역자치단체,0.0555992449601129,0.029959139870653,161140.8101320904,5378686.131437918,0.524,15379013.7,105170.0,652659,2859251,0.3137374887353054,27,0.6031444696933935,8,0.5,16,0.2674594700035003,15,0.1197481639215099,5,2.714194588309197,2.1131983594063968,0.910104995955488,0.0586367051981932,0.3933590384924592,0.2259978718453262,인천광역시,인천광역시,145260,135833,9427,1.4443967762694205
169,15,0,강원도,광역자치단체,0.2304372934402742,0.0658242289846374,394977.98093741934,6000495.36515805,0.254,8676740.3,108614.6,274989,1446004,0.2270964754921534,22,0.0911850511912482,2,0.2634673136260432,12,0.1273923813115582,10,0.1061386563305252,4,1.658083607633216,1.956929658423764,0.8428037296816875,0.2448295293902941,0.1699335186128902,0.2073815240015921,강원도,강원도,63739,68198,-4459,-1.6215135095821664
171,16,0,서울특별시,광역자치단체,0.0833394714255343,0.065530683678466,385345.734588982,5880386.300862137,0.754,52387838.2,893663.0,2319120,8908911,0.1510141078333686,15,0.6031444696933935,8,0.1625100036505212,9,0.165113536864122,12,0.3089944008668283,10,2.374891676733543,2.2850446335590964,0.9841151578253092,0.0881785077647629,0.3215778234473138,0.2048781656060384,서울특별시,서울특별시,540044,507713,32331,1.3941057840449034
182,17,0,경기도,광역자치단체,0.1602323687408293,0.1051390719014197,310044.1319480505,2948895.4614204075,0.605,38229645.9,919483.0,2965652,12964056,0.143573225212342,14,0.1398241634496915,4,0.1625100036505212,9,0.2259141485445041,14,0.2008715955154131,8,1.8218121541969703,2.2037861128786016,0.9491190178244984,0.1700651785203709,0.2045711052912511,0.187318141905811,경기도,경기도,607308,586987,20321,0.6852116549036587
1,0,1,충청북도 청주시,기초자치단체,0.4453699929334494,0.1711256402657595,785335.5956438774,4589233.936096571,0.305,3778912.9,155981.0,198617,823430,0.8897408115865028,8,0.9241324870649972,6,0.9232107446220688,6,0.9200174426536876,8,0.7629239408276237,4,5.4022432082836405,2.2806390622295662,0.9822177815287604,0.4737209330506783,0.9620290659501208,0.7178749995003996,충청북도 청주시,충청북도 청주시,47695,44986,2709,1.3639247198139142
2,0,2,전라북도 진안군,기초자치단체,0.4247771016692886,0.0370474660155019,1042426.8137462876,28137600.91743119,0.07,613399.7,2457.0,2357,21800,0.6879324664733812,5,0.9239399643935448,5,0.924017244627116,7,0.912908923643149,7,0.8529956028079867,5,5.293086275019217,2.301708914709748,0.9912920730740392,0.4517906460445864,0.9389363749268222,0.6953635104857043,전라북도 진안군,전라북도 진안군,393,496,-103,-4.368108566581849
3,0,3,경상남도 거창군,기초자치단체,0.4022430051534757,0.0420898430121507,696753.1653503823,16553950.204785516,0.085,921525.3,5558.0,7977,55668,0.7930692900011372,6,0.8255176774251182,2,0.9241409981457142,9,0.8962857501780289,6,0.8948517107873377,6,5.281692437844031,2.2007861666461364,0.9478270113066948,0.4277930831149552,0.9365259521200642,0.6821595176175097,경상남도 거창군,경상남도 거창군,1457,1974,-517,-6.480320882426674
5,0,5,충청북도 옥천군,기초자치단체,0.2905129139806943,0.0360711055725972,554618.511569731,15375700.377508445,0.107,696473.1,3547.34,6396,45297,0.7930692900011372,6,0.8255176774251182,2,0.9023945550547576,4,0.8596596586835148,5,0.6000745015411126,3,4.940354764875019,2.228212945841001,0.9596390821693782,0.3088067331554289,0.8643142732027878,0.5865605031791084,충청북도 옥천군,충청북도 옥천군,900,1175,-275,-4.2988901047365955
7,7,6,제주특별자치도,기초자치단체,0.1384133974630616,0.0494339227807768,626193.9892832182,12667293.10680404,0.3329999999999999,8070231.1,80635.0,128770,637092,0.9241418199787566,44,0.9241324870649972,6,0.9241418199787566,19,0.9241418199787322,21,0.924141819978755,21,5.5257702026041,2.101508472327547,0.9050704356241024,0.1468291843046446,0.988161814714407,0.5674954995095258,제주특별자치도,제주특별자치도,51334,56454,-5120,-3.9760505082666127
8,0,7,서울특별시 노원구,기초자치단체,0.1151969287532596,0.0201455740966247,53331.3309422428,2647297.648925187,0.165,1261564.4,6037.0,113198,476548,0.9241392669318614,17,0.9241415817279918,7,0.9232107446220688,6,0.9241211610747077,12,0.9229933126569622,9,5.57366671469596,2.217582150175013,0.9550606476823688,0.1221049328363718,0.9982945595777284,0.5601997462070502,서울특별시 노원구,서울특별시 노원구,19856,21174,-1318,-1.164321239586922
9,0,8,강원도 동해시,기초자치단체,0.2017867835702161,0.03487958626235,217452.1354933726,6234366.825850111,0.156,519584.6,2953.0,13580,83342,0.9209753976083528,11,0.9057811183434152,3,0.8464558322376003,3,0.7835040786528417,4,0.7629239408276237,4,5.124627598768036,2.1013152774012367,0.9049872310982018,0.2143183254868995,0.9032981058354876,0.5588082156611935,강원도 동해시,강원도 동해시,2975,3453,-478,-3.5196230027243947
10,13,9,세종특별자치시,기초자치단체,0.1009147829371613,0.0607363168606896,409812.4621899577,6747403.915353328,0.5720000000000001,2503293.6,33871.0,82650,371001,0.92414180150071,20,0.9241415817279918,7,0.9241409981457142,9,0.9241418199783192,20,0.9203134640288494,8,5.551865463412009,2.170969792767523,0.9349857980304244,0.1068952397052769,0.9936823966599408,0.5502888181826089,세종특별자치시,세종특별자치시,20371,31468,-11097,-13.426334829584638
11,0,10,경기도 군포시,기초자치단체,0.1179444058752237,0.0409343688593099,164260.20883044798,4012770.0367142535,0.327,1008814.4,9706.3,59091,251401,0.9166430604253804,10,0.8255176774251182,2,0.924017244627116,7,0.9227941680147312,9,0.9129747754085422,7,5.442954664756233,2.184952306354655,0.9410077388553448,0.1250308435817078,0.97064177663477,0.547836310108239,경기도 군포시,경기도 군포시,9599,10782,-1183,-2.001963040682326
12,0,11,전라남도 화순군,기초자치단체,0.2835593585330129,0.0472100683775008,658732.7114827919,13953225.10900508,0.144,774431.9,6144.0,9327,55502,0.8897408115865028,8,0.8255176774251182,2,0.8464558322376003,3,0.8596596586835148,5,0.2342275876890973,1,4.524799678932448,2.0182155146751497,0.869198111310615,0.3014015822844669,0.7764015321991002,0.5389015572417836,전라남도 화순군,전라남도 화순군,1330,1665,-335,-3.5913379073756433
15,0,12,전라북도 부안군,기초자치단체,0.3666606446353057,0.0389759196103972,736618.2204891882,18899315.98413618,0.088,848239.1,4156.0,5642,44882,0.5397404182225715,4,0.5451988715434295,1,0.6866271535089449,2,0.4548979538746299,2,0.9229933126569622,9,3.975622756983654,1.9182958340544891,0.8261650471771163,0.3898998427482776,0.6602204285676102,0.525060135657944,전라북도 부안군,전라북도 부안군,820,1221,-401,-7.106149211412369
17,0,13,경기도 용인시,기초자치단체,0.0210551927441603,0.0101923618581647,35839.739483237245,3516333.1112039937,0.479,3567052.7,8056.2,224784,1014424,0.9166430604253804,10,0.9239399643935448,5,0.924017244627116,7,0.9241379831386228,13,0.9229933126569622,9,5.581728167827279,2.2522623634889185,0.9699966025856528,0.0218492055833286,1.0,0.5109246027916643,경기도 용인시,경기도 용인시,48028,46820,1208,0.5374024067442222
19,0,14,경기도 성남시,기초자치단체,0.025480481830993,0.0153814989733038,85221.99866534874,5540552.244827388,0.596,4806706.1,16985.0,199303,867550,0.855611774007365,7,0.8255176774251182,2,0.924017244627116,7,0.9227941680147312,9,0.8948517107873377,6,5.370809160678954,2.201226345028352,0.948016585817286,0.0265618930109588,0.9553790371591117,0.4909704650850353,경기도 성남시,경기도 성남시,43975,42264,1711,0.8584875366274636
21,0,15,서울특별시 성동구,기초자치단체,0.0317253802727559,0.0111207281232138,31769.438916488896,2856776.8732851273,0.345,753812.0,2219.0,69847,263868,0.855611774007365,7,0.9239399643935448,5,0.6866271535089449,2,0.8962857501780289,6,0.9129747754085422,7,5.231853667502033,2.220725117438646,0.9564142500056078,0.0332123634764686,0.9259823128836916,0.47959733818008,서울특별시 성동구,서울특별시 성동구,16400,14866,1534,2.1961974573359293
22,0,16,전라남도 고흥군,기초자치단체,0.3086464025746739,0.024587496704938,389551.6992046276,15843487.601826156,0.068,884938.0,2155.0,5532,55855,0.7930692900011372,6,0.9057811183434152,3,0.1939941972355606,0,0.282778899218116,1,0.7629239408276237,4,3.8327726742799975,1.7884504573082896,0.8942252286541448,0.3281178927292068,0.6299997845473432,0.479058838638275,전라남도 고흥군,전라남도 고흥군,1111,1325,-214,-3.8677028736670884
23,0,17,광주광역시 북구,기초자치단체,0.0166441518184229,0.0022321971746995,5616.8342219870565,2516280.4996127035,0.133,1039525.8,552.0,98276,413120,0.7930692900011372,6,0.8255176774251182,2,0.8464558322376003,3,0.9200174426536876,8,0.9129747754085422,7,5.230537321021267,2.16520329656826,0.9325023032951824,0.0171516916569868,0.925703833252111,0.4714277624545489,광주광역시 북구,광주광역시 북구,21006,21043,-37,-0.03764868687485373
24,0,18,경기도 수원시,기초자치단체,0.0090383712277395,0.0041764966963342,13660.412708465272,3270782.5964414147,0.46,3759954.3,4141.4,303168,1149558,0.9076144887934796,9,0.9216772058072776,4,0.6866271535089449,2,0.8596596586835148,5,0.9129747754085422,7,5.223145540943536,2.1700560228367705,0.9345922587417768,0.0090519571845701,0.9241400654881914,0.4665960113363808,경기도 수원시,경기도 수원시,71589,65580,6009,1.9820628098519306
25,0,19,강원도 정선군,기초자치단체,0.3296499771679677,0.0480292051961538,978275.2902155888,20368342.26634106,0.123,642234.2,3539.4,3618,31531,0.5397404182225715,4,0.2160958818106532,0,0.8464558322376003,3,0.1748538108433025,0,0.7629239408276237,4,3.5322849446637696,1.5726236638951638,0.9922150607220184,0.3504855347021642,0.5664301139015885,0.4584578243018763,강원도 정선군,강원도 정선군,634,848,-214,-5.913235700469743
26,0,20,경상북도 의성군,기초자치단체,0.3293040383102766,0.0362700376392509,597552.5282844609,16475100.859498331,0.093,751396.4,2588.0,4331,45608,0.2523224799936896,2,0.5451988715434295,1,0.4058001932212103,1,0.6447143861010182,3,0.7629239408276237,4,3.52316650461996,2.1180782093497097,0.9122066329329886,0.3501171290063149,0.5645010626517143,0.4573090958290146,경상북도 의성군,경상북도 의성군,912,1118,-206,-4.7553093259464445
27,0,21,서울특별시 금천구,기초자치단체,0.0388501459478968,0.009349064834946,32194.105588601,3443564.266263513,0.236,756213.6,1916.0,59514,219602,0.855611774007365,7,0.8255176774251182,2,0.9023945550547576,4,0.6447143861010182,3,0.7629239408276237,4,4.939343933830958,2.201609497059027,0.9481816004150758,0.0407998437434538,0.8641004268782424,0.4524501353108481,서울특별시 금천구,서울특별시 금천구,15659,14347,1312,2.204486263967067
28,0,22,인천광역시 동구,기초자치단체,0.3217832876398798,0.049346150135235,422898.5507246377,8570041.423001949,0.13,492400.3,4377.0,10350,57456,0.1242654371597472,0,0.2160958818106532,0,0.6866271535089449,2,0.8962857501780289,6,0.6000745015411126,3,3.4289672420633828,1.4353713907745331,0.9056185178648964,0.3421079466827961,0.5445727411077946,0.4433403438952953,인천광역시 동구,인천광역시 동구,1650,1857,-207,-1.9998067819534344
29,0,23,경상남도 남해군,기초자치단체,0.2692772047563921,0.0275025981517146,545101.3044684984,19819993.058892623,0.089,742417.3,1964.0,3603,37458,0.1704576931060095,1,0.9057811183434152,3,0.4058001932212103,1,0.4548979538746299,2,0.9129747754085422,7,3.677321291045089,1.9211854965885544,0.827409557091281,0.2861918806758571,0.5971132728541999,0.4416525767650285,경상남도 남해군,경상남도 남해군,788,1149,-361,-10.016648168701444
30,0,24,전라남도 무안군,기초자치단체,0.1225808217339263,0.0172141831114431,141638.447512373,8228008.648183762,0.132,688824.2,2175.0,15356,83717,0.855611774007365,7,0.5451988715434295,1,0.6866271535089449,2,0.6447143861010182,3,0.7629239408276237,4,4.3838024448846715,2.063558608511122,0.8887263188962904,0.1299683693111764,0.7465728675084423,0.4382706184098094,전라남도 무안군,전라남도 무안군,4004,3862,142,0.9246597642768769
31,0,25,전라남도 여수시,기초자치단체,0.0420051730742084,0.0115400660347816,74436.01205946565,6450224.100548151,0.2689999999999999,1639176.1,3580.0,48095,254127,0.855611774007365,7,0.8255176774251182,2,0.4058001932212103,1,0.912908923643149,7,0.8948517107873377,6,4.779059894149977,2.0534426554859957,0.8843696150657969,0.0441597726385496,0.8301915427274508,0.4371756576830002,전라남도 여수시,전라남도 여수시,9487,10855,-1368,-2.844311377245509
32,0,26,전라북도 정읍시,기초자치단체,0.1793375884517307,0.0188567592114857,262615.7887460252,13926878.197928367,0.096,1339152.9,3799.0,14466,96156,0.7930692900011372,6,0.5451988715434295,1,0.9023945550547576,4,0.7835040786528417,4,0.1456148539583952,0,4.072901113537256,1.8062389286533893,0.9031194643266948,0.1904111778363434,0.6808001477294231,0.4356056627828832,전라북도 정읍시,전라북도 정읍시,2759,3436,-677,-4.679615677058132
33,0,27,전라북도 전주시,기초자치단체,0.0305607453123214,0.0074167719308019,31791.392405063292,4286419.038049861,0.239,2679106.2,4709.1,148125,625022,0.9166430604253804,10,0.2160958818106532,0,0.8464558322376003,3,0.912908923643149,7,0.9229933126569622,9,4.758656854571649,1.887119687595809,0.9435598437979044,0.0319720918403965,0.8258751784358934,0.4289236351381449,전라북도 전주시,전라북도 전주시,29981,32681,-2700,-1.822772504489421
34,0,28,전라북도 임실군,기초자치단체,0.4581455800056789,0.0447477159788431,1056087.5512995897,23600926.39809621,0.077,555377.0,3088.0,2924,23532,0.1704576931060095,1,0.9057811183434152,3,0.1939941972355606,0,0.282778899218116,1,0.1456148539583952,0,2.563600282579424,1.3709505944546687,0.8649735207179273,0.4873262246812378,0.361500065653221,0.4244131451672294,전라북도 임실군,전라북도 임실군,575,660,-85,-2.905982905982906
35,0,29,대구광역시 달서구,기초자치단체,0.0245659128969124,0.0052475997596348,10342.99186249905,1970994.8045311305,0.211,1018223.8,1224.0,118341,516604,0.7930692900011372,6,0.5451988715434295,1,0.6866271535089449,2,0.912908923643149,7,0.8948517107873377,6,4.722129526657165,2.065293688498338,0.8894735771731667,0.0255879278229743,0.8181476409152802,0.4218677843691273,대구광역시 달서구,대구광역시 달서구,21921,25935,-4014,-3.391864257829004
37,0,30,충청남도 천안시,기초자치단체,0.0264389615492988,0.0083589703336358,34860.82262620321,4170468.5188229494,0.312,2663740.8,5689.6,163209,638715,0.7930692900011372,6,0.8255176774251182,2,0.4058001932212103,1,0.9240458189988856,11,0.8948517107873377,6,4.690361456085162,1.9668513406924717,0.8470767656514723,0.0275826207486197,0.8114269479076406,0.4195047843281302,충청남도 천안시,충청남도 천안시,39255,38637,618,0.3786532687948042
38,0,31,경기도 안양시,기초자치단체,0.0217074260985156,0.0086901195607987,37306.56083707513,4292985.910730821,0.396,2234662.3,4578.0,122713,520538,0.9240016830895944,14,0.9216772058072776,4,0.1939941972355606,0,0.8596596586835148,5,0.9241418172719345,16,4.710885807631272,1.77482249108678,0.88741124554339,0.022543797929419,0.815768976348104,0.4191563871387615,경기도 안양시,경기도 안양시,23555,22533,1022,0.8328308098505467
39,0,32,전라북도 고창군,기초자치단체,0.1624387154874594,0.0139337215850972,247110.33274956216,17734697.16905055,0.079,835694.4,1411.0,5710,47122,0.5397404182225715,4,0.2160958818106532,0,0.6866271535089449,2,0.7835040786528417,4,0.7629239408276237,4,3.963997505480008,1.9502120649147463,0.9751060324573732,0.1724148154299176,0.6577610489110609,0.4150879321704893,전라북도 고창군,전라북도 고창군,939,1262,-323,-5.655752057433024
40,0,33,충청북도 영동군,기초자치단체,0.180559050792556,0.0162267221559386,292517.4950654943,18026899.84177974,0.0819999999999999,751974.1,1630.2,5573,41714,0.8897408115865028,8,0.8255176774251182,2,0.1939941972355606,0,0.8962857501780289,6,0.1456148539583952,0,3.838012797526521,1.4056390622295665,0.886859507142915,0.1917119674805858,0.6311083586290539,0.4114101630548198,충청북도 영동군,충청북도 영동군,943,1213,-270,-4.843918191603875
41,0,34,경상남도 창원시,기초자치단체,0.0252981843562071,0.0079937205006269,33089.760199091594,4139469.2492058338,0.312,3991354.9,6462.0,195287,964219,0.9241392669318614,17,0.8255176774251182,2,0.1939941972355606,0,0.9227941680147312,9,0.8948517107873377,6,4.606117142217374,1.6896402436455298,0.8448201218227649,0.0263677563114902,0.7936046451693806,0.4099862007404354,경상남도 창원시,경상남도 창원시,39328,43506,-4178,-2.139404366883782
42,0,35,전라북도 김제시,기초자치단체,0.2239265463567546,0.0253488918349771,366804.7550432277,14470248.14461906,0.1009999999999999,1078221.6,4073.0,11104,74513,0.2523224799936896,2,0.9057811183434152,3,0.4058001932212103,1,0.6447143861010182,3,0.3954091969794811,2,3.564983168024749,2.231270254607576,0.9609557933859342,0.2378959448666797,0.5733475853484709,0.4056217651075753,전라북도 김제시,전라북도 김제시,2238,2607,-369,-3.3228275551553352
43,0,36,강원도 평창군,기초자치단체,0.3812357382185803,0.0533706613438628,909864.7971957936,17048033.02574065,0.115,631834.2,3634.0,3994,37062,0.3802565805521698,3,0.2160958818106532,0,0.8464558322376003,3,0.1748538108433025,0,0.1456148539583952,0,2.763276959402121,1.0,1.0,0.4054215090029887,0.4037426577133666,0.4045820833581777,강원도 평창군,강원도 평창군,837,965,-128,-3.2040050062578223
44,0,37,경상남도 진주시,기초자치단체,0.0412398669739852,0.0079993878720535,55684.90225522476,6961145.420859519,0.19,2299433.4,4042.0,72587,330324,0.9209753976083528,11,0.5451988715434295,1,0.8464558322376003,3,0.9200174426536876,8,0.3954091969794811,2,4.442686092229714,1.8915107774877753,0.8146293512071627,0.0433447640897201,0.7590299953682914,0.4011873797290057,경상남도 진주시,경상남도 진주시,16039,16689,-650,-0.8954648151209567
45,0,38,충청북도 제천시,기초자치단체,0.173322455727189,0.0263056837780231,272790.32467813947,10370014.59380574,0.139,1279037.6,6293.0,23069,123340,0.7930692900011372,6,0.8255176774251182,2,0.9023945550547576,4,0.1748538108433025,0,0.1456148539583952,0,3.762070022997015,1.4591479170272446,0.920619835714305,0.1840053951156569,0.6150422877417961,0.3995238414287265,충청북도 제천시,충청북도 제천시,4990,6019,-1029,-4.4603381014304295
46,0,39,광주광역시 동구,기초자치단체,0.192392088809918,0.0330947280401931,136367.10405859016,4120508.375018948,0.156,434927.9,3575.0,26216,105552,0.3802565805521698,3,0.2160958818106532,0,0.4058001932212103,1,0.8596596586835148,5,0.8948517107873377,6,3.647632556828238,1.781937063546704,0.890968531773352,0.2043134966464477,0.5908324737731029,0.3975729852097753,광주광역시 동구,광주광역시 동구,6933,6620,313,1.1938818323988252
47,0,40,강원도 원주시,기초자치단체,0.0097692706826439,0.0018652576985948,9418.207239397234,5049279.38187427,0.19,1751367.8,727.5,77244,346855,0.7930692900011372,6,0.2160958818106532,0,0.9232107446220688,6,0.8596596586835148,5,0.7629239408276237,4,4.545661311070314,1.981403590250632,0.990701795125316,0.009830324564509,0.7808149140228132,0.3953226192936611,강원도 원주시,강원도 원주시,17958,18021,-63,-0.08155867693701858
48,0,41,서울특별시 은평구,기초자치단체,0.0291817605678252,0.0053597213705871,13721.584924449891,2560130.2709037517,0.181,1131582.7,1433.0,104434,442002,0.6879324664733812,5,0.8255176774251182,2,0.1939941972355606,0,0.8596596586835148,5,0.8948517107873377,6,4.4155555459593865,1.907199670708948,0.953599835354474,0.0305035495732669,0.7532903936446309,0.3918969716089489,서울특별시 은평구,서울특별시 은평구,22592,19934,2658,2.5451237611911712
49,0,42,충청남도 청양군,기초자치단체,0.1814041973854316,0.0186965693075315,422165.2786675209,22579825.834542815,0.094,622300.0,1318.0,3122,27560,0.6879324664733812,5,0.9057811183434152,3,0.1939941972355606,0,0.6447143861010182,3,0.1456148539583952,0,3.5493437604295783,1.5394847569315018,0.9713067383178076,0.1926120017257158,0.5700389910468352,0.3813254963862755,충청남도 청양군,충청남도 청양군,812,1022,-210,-6.724303554274735
50,0,43,대전광역시 서구,기초자치단체,0.027493167743558,0.0046829315199167,11226.262255106642,2397272.3511673645,0.168,1083569.5,1344.3,119746,452001,0.7930692900011372,6,0.2160958818106532,0,0.6866271535089449,2,0.8962857501780289,6,0.7629239408276237,4,4.300532572362714,1.8910611120726528,0.9455305560363264,0.0287052918736764,0.72895671267345,0.3788310022735632,대전광역시 서구,대전광역시 서구,28402,28627,-225,-0.1878961477114249
51,0,44,강원도 영월군,기초자치단체,0.1928148904014381,0.0244557042758515,406442.95302013424,16619556.257125318,0.115,568538.4,1514.0,3725,34209,0.8897408115865028,8,0.2160958818106532,0,0.9023945550547576,4,0.1748538108433025,0,0.3954091969794811,2,3.448409786048323,1.3787834934861751,0.8699155297736259,0.2047637568906129,0.5486859077892321,0.3767248323399225,강원도 영월군,강원도 영월군,717,1040,-323,-8.668813741277509
52,0,45,전라북도 무주군,기초자치단체,0.3071459332022492,0.0258868335979948,729444.0093970243,28178185.896537226,0.072,602985.0,1863.0,2554,21399,0.6879324664733812,5,0.2160958818106532,0,0.1939941972355606,0,0.282778899218116,1,0.6000745015411126,3,2.8336684347688643,1.3516441151533924,0.8527924884900406,0.3265199760715108,0.418634323709338,0.3725771498904244,전라북도 무주군,전라북도 무주군,453,572,-119,-4.657534246575342
53,0,46,경기도 포천시,기초자치단체,0.0158993272732886,0.0039424929509871,45115.18937914877,11443315.16632212,0.246,1522247.0,1155.4,25610,133025,0.3802565805521698,3,0.8255176774251182,2,0.6866271535089449,2,0.7835040786528417,4,0.6000745015411126,3,4.254021657461703,2.270942421748537,0.978041665781516,0.016358494828312,0.719117097773147,0.3677377963007295,경기도 포천시,경기도 포천시,5001,5826,-825,-3.221272109640389
54,0,47,경기도 이천시,기초자치단체,0.0081811821762945,0.0036062706394569,26923.32019143598,7465695.973247875,0.439,1553857.7,1277.0,47431,208133,0.5397404182225715,4,0.5451988715434295,1,0.8464558322376003,3,0.7835040786528417,4,0.6000745015411126,3,4.265149090277528,2.2062389286533897,0.950175388079972,0.008139098389002,0.7214711614154069,0.3648051299022045,경기도 이천시,경기도 이천시,11916,12668,-752,-1.5854275594535334
55,0,48,충청남도 보령시,기초자치단체,0.0597937728924802,0.0089345504983665,93660.32210834551,10482936.11698418,0.145,946997.0,1279.4,13660,90337,0.8897408115865028,8,0.5451988715434295,1,0.4058001932212103,1,0.4548979538746299,2,0.8948517107873377,6,3.99319587554378,1.8638263900908156,0.8027063345306698,0.0631036447955472,0.663938109021693,0.3635208769086201,충청남도 보령시,충청남도 보령시,2650,3387,-737,-5.394919844813703
56,0,49,전라북도 남원시,기초자치단체,0.1542116006959131,0.0143394459133449,225007.2582986548,15691489.033704717,0.086,1119666.2,2325.0,10333,71355,0.2523224799936896,2,0.8255176774251182,2,0.1939941972355606,0,0.6447143861010182,3,0.6000745015411126,3,3.5020985395238338,1.9709505944546688,0.9854752972273344,0.1636533944960502,0.5600440300665652,0.3618487122813077,전라북도 남원시,전라북도 남원시,1969,2591,-622,-6.018966518289143
57,0,50,전라남도 광양시,기초자치단체,0.0487719918659482,0.0112956877515651,98680.51656372823,8736122.911157373,0.226,1242136.9,2812.0,28496,142184,0.1242654371597472,0,0.8255176774251182,2,0.8464558322376003,3,0.6447143861010182,3,0.6000745015411126,3,4.0314408025791355,1.9808259362290783,0.9904129681145392,0.0513660593283326,0.6720290131614846,0.3616975362449086,전라남도 광양시,전라남도 광양시,6191,6021,170,0.5965540232305155
58,0,51,경기도 부천시,기초자치단체,0.0055272837971853,0.001723744685471,5905.603078563646,3426031.2030780157,0.311,2576077.4,1019.0,172548,751913,0.7930692900011372,6,0.5451988715434295,1,0.1939941972355606,0,0.912908923643149,7,0.8948517107873377,6,4.234211179077868,1.7883763717345071,0.8941881858672536,0.0053128438144363,0.7149260927434122,0.3601194682789243,경기도 부천시,경기도 부천시,11923,13948,-2025,-1.1735796788158726
59,0,52,경상북도 영주시,기초자치단체,0.0527180126910079,0.0062252203948683,79012.70629472761,12692354.853791228,0.115,1194502.9,1082.0,13694,94112,0.3802565805521698,3,0.5451988715434295,1,0.9190284936775536,5,0.4548979538746299,2,0.7629239408276237,4,3.9879397573485993,2.1492553971685,0.925633916873193,0.0555683526399172,0.6628261511292043,0.3591972518845607,경상북도 영주시,경상북도 영주시,3359,3924,-565,-4.125593282219788
60,0,53,전라북도 군산시,기초자치단체,0.041912852442609,0.0068057719237063,50889.52105978261,7477406.182614013,0.159,1858643.9,2397.1,47104,248568,0.855611774007365,7,0.8255176774251182,2,0.1939941972355606,0,0.6447143861010182,3,0.6000745015411126,3,4.034649185490095,1.8294732983598407,0.9147366491799204,0.0440614562864849,0.6727077624908354,0.3583846093886602,전라북도 군산시,전라북도 군산시,9959,10972,-1013,-2.1505148073452927
61,0,54,경기도 안성시,기초자치단체,0.0152769166269403,0.0045566847468941,35684.015530235745,7831135.466318665,0.296,1416198.2,1406.2,39407,180842,0.9076144887934796,9,0.5451988715434295,1,0.8464558322376003,3,0.282778899218116,1,0.7629239408276237,4,4.153075282510455,1.876357639489852,0.8081032498902061,0.0156956620121246,0.697761391113413,0.3567285265627687,경기도 안성시,경기도 안성시,9509,8995,514,1.3043036946812832
62,0,55,충청북도 보은군,기초자치단체,0.1132611706239066,0.0124721361551783,242443.5252943048,19438813.229571983,0.104,559526.8,762.0,3143,28784,0.7930692900011372,6,0.9057811183434152,3,0.1939941972355606,0,0.6447143861010182,3,0.1456148539583952,0,3.629568475996713,1.5,0.9463946303571862,0.1200434577959549,0.5870109278136558,0.3535271928048054,충청북도 보은군,충청북도 보은군,533,730,-197,-6.26590330788804
64,0,56,충청남도 서천군,기초자치단체,0.0878465196399075,0.0089065920074143,122130.55954088952,13712378.364162356,0.0969999999999999,625668.4,681.0,5576,45628,0.5397404182225715,4,0.9057811183434152,3,0.6866271535089449,2,0.282778899218116,1,0.3954091969794811,2,3.7529679902104105,2.188721875540867,0.942631203937882,0.0929782641284318,0.6131167075286197,0.3530474858285258,충청남도 서천군,충청남도 서천군,942,1206,-264,-4.733727810650888
65,0,57,강원도 인제군,기초자치단체,0.2794997029867922,0.0261199096203568,590045.97241655,22589893.34161748,0.081,654451.8,2952.0,5003,28971,0.3802565805521698,3,0.2160958818106532,0,0.4058001932212103,1,0.6447143861010182,3,0.2342275876890973,1,2.7867336916037155,1.811278124459133,0.9056390622295664,0.297078274297626,0.4087050458361211,0.3528916600668735,강원도 인제군,강원도 인제군,1751,1770,-19,-0.3796962430055955
66,0,58,전라남도 곡성군,기초자치단체,0.148384860650146,0.0139164532826007,303449.4306764903,21805083.846750177,0.087,534420.8,906.1,2986,24509,0.8897408115865028,8,0.9057811183434152,3,0.1939941972355606,0,0.4548979538746299,2,0.1456148539583952,0,3.432117716559151,1.3346791410515946,0.8420887815606471,0.1574482395290082,0.5452392396244883,0.3513437395767482,전라남도 곡성군,전라남도 곡성군,619,793,-174,-5.825242718446602
67,0,59,강원도 태백시,기초자치단체,0.1245513882026993,0.0173758692536287,305831.76001678203,17600947.35708903,0.131,653980.8,1457.9,4767,37156,0.2523224799936896,2,0.2160958818106532,0,0.9190284936775536,5,0.4548979538746299,2,0.7629239408276237,4,3.5474255140840496,1.884313527799799,0.9421567638998996,0.1320669133024218,0.569633176511385,0.3508500449069034,강원도 태백시,강원도 태백시,1233,1572,-339,-7.109899328859061
68,0,60,인천광역시 남동구,기초자치단체,0.037325733345765,0.0074540930744326,17538.46153846154,2352863.2341093295,0.196,1118525.3,1938.0,110500,475389,0.6879324664733812,5,0.5451988715434295,1,0.1939941972355606,0,0.7835040786528417,4,0.8529956028079867,5,3.976427816221672,1.8256051990169435,0.912802599508472,0.0391764288741375,0.6603907428452562,0.3497835858596969,인천광역시 남동구,인천광역시 남동구,19048,21759,-2711,-2.453371462701695
69,0,61,서울특별시 서대문구,기초자치단체,0.0449125287355929,0.0115759643657577,34673.43630217039,2995295.701214837,0.252,878984.5,2759.0,79571,293455,0.3802565805521698,3,0.8255176774251182,2,0.6866271535089449,2,0.6447143861010182,3,0.3954091969794811,2,3.919842928919814,2.292481250360578,0.9873179343530822,0.0472559451606622,0.648419929082244,0.3478379371214531,서울특별시 서대문구,서울특별시 서대문구,17945,16772,1173,1.4741366309757202
70,0,62,경기도 구리시,기초자치단체,0.0276502259029897,0.0079622356866437,40559.76994397343,5094017.753331545,0.284,911299.4,1636.1,40338,178896,0.9076144887934796,9,0.5451988715434295,1,0.1939941972355606,0,0.912908923643149,7,0.6000745015411126,3,3.9973626059617247,1.675143246409987,0.8375716232049935,0.0288725501021981,0.6648196015228235,0.3468460758125108,경기도 구리시,경기도 구리시,6739,6921,-182,-0.4511762810183694
71,0,63,충청남도 논산시,기초자치단체,0.0198530344343797,0.0024262214057969,26872.67043405074,11075934.937283108,0.121,1142615.6,447.0,16634,103162,0.5397404182225715,4,0.2160958818106532,0,0.6866271535089449,2,0.8596596586835148,5,0.7629239408276237,4,4.031504335043007,1.9329145639793976,0.9664572819896988,0.0205689736614455,0.6720424537695545,0.3463057137155,충청남도 논산시,충청남도 논산시,3384,4056,-672,-4.039675383228134
72,0,64,경상남도 김해시,기초자치단체,0.0341640653082196,0.0098007295469136,41765.98708133524,4261518.1738677565,0.282,2168409.6,4468.0,106977,508835,0.9076144887934796,9,0.9057811183434152,3,0.4058001932212103,1,0.6447143861010182,3,0.2342275876890973,1,3.89483286847883,1.8498687225851775,0.7966950943306088,0.0358094277769176,0.6431289266606331,0.3394691772187754,경상남도 김해시,경상남도 김해시,19343,21170,-1827,-1.7078277776739141
73,0,65,전라남도 장흥군,기초자치단체,0.2104794076637335,0.0175702227348819,307382.21214411693,17494497.183230102,0.075,562080.7,1220.0,3969,32129,0.1704576931060095,1,0.5451988715434295,1,0.1939941972355606,0,0.912908923643149,7,0.3954091969794811,2,2.963526307535223,1.4911148500551854,0.7455574250275927,0.2235754880077678,0.446106401231634,0.3348409446197009,전라남도 장흥군,전라남도 장흥군,659,908,-249,-6.272040302267003
75,0,66,경기도 파주시,기초자치단체,0.007315072343231,0.0022025678529013,9668.170386824671,4389499.453598749,0.3,2048535.5,988.0,102191,466690,0.8897408115865028,8,0.2160958818106532,0,0.1939941972355606,0,0.7835040786528417,4,0.9129747754085422,7,3.9612715850764446,1.5294283316328894,0.9649618403823442,0.0072167394558036,0.6571843669198115,0.3322005531878076,경기도 파주시,경기도 파주시,21595,19665,1930,1.88860184750274
76,0,67,울산광역시 남구,기초자치단체,0.031135208720437,0.0083806194749026,19429.97513910264,2318441.398907251,0.265,686993.6,1313.0,67576,296317,0.5397404182225715,4,0.2160958818106532,0,0.6866271535089449,2,0.6447143861010182,3,0.7629239408276237,4,3.825133658688917,1.9500637564362104,0.9750318782181052,0.0325838635072725,0.628383712883442,0.3304837881953572,울산광역시 남구,울산광역시 남구,15662,16748,-1086,-1.607055655030558
77,0,68,광주광역시 광산구,기초자치단체,0.0074543273292391,0.0015413290783135,3588.376648290624,2328105.463511255,0.206,902690.3,355.4,99042,387736,0.6879324664733812,5,0.2160958818106532,0,0.4058001932212103,1,0.8596596586835148,5,0.8529956028079867,5,3.934080008518295,1.8231924110430977,0.9115962055215489,0.0073650382920871,0.6514318539358437,0.3293984461139654,광주광역시 광산구,광주광역시 광산구,17453,19247,-1794,-1.8113344708863826
78,0,69,경기도 동두천시,기초자치단체,0.0864506954230624,0.0125513677524907,118788.57288286569,9464193.48276151,0.139,790856.4,1867.0,15717,83563,0.5397404182225715,4,0.2160958818106532,0,0.6866271535089449,2,0.282778899218116,1,0.8529956028079867,5,3.470317519493983,1.7841591278514215,0.8920795639257109,0.0914917887572566,0.5533205975368443,0.3224061931470504,경기도 동두천시,경기도 동두천시,2968,3679,-711,-4.52347626924545
79,0,70,서울특별시 용산구,기초자치단체,0.0547197907389705,0.0234539997366682,94087.97982628188,4011596.353827178,0.417,800080.8,5037.0,53535,199442,0.7930692900011372,6,0.2160958818106532,0,0.8464558322376003,3,0.4548979538746299,2,0.3954091969794811,2,3.6228917637244167,1.8339272176418304,0.9169636088209152,0.0577001352318408,0.5855984361931545,0.3216492857124977,서울특별시 용산구,서울특별시 용산구,12303,13327,-1024,-1.9127316198445903
80,0,71,서울특별시 송파구,기초자치단체,0.0157115205049284,0.0059225126770804,12781.84401726588,2158179.258396604,0.374,1330580.1,1907.0,149196,616529,0.6879324664733812,5,0.2160958818106532,0,0.6866271535089449,2,0.6447143861010182,3,0.6000745015411126,3,3.796455960860897,1.9220231428515733,0.9610115714257866,0.0161584910367611,0.6223168035685956,0.3192376473026784,서울특별시 송파구,서울특별시 송파구,32928,30402,2526,1.693063533449064
81,0,72,경상북도 영천시,기초자치단체,0.0448368281044203,0.0058697205100173,77705.69153641994,13238397.19519981,0.128,1223400.0,1054.0,13564,92413,0.5397404182225715,4,0.5451988715434295,1,0.4058001932212103,1,0.4548979538746299,2,0.7629239408276237,4,3.6065058512121464,2.084962500721156,0.8979444735226818,0.0471753281872192,0.5821319150710924,0.3146536216291558,경상북도 영천시,경상북도 영천시,3559,3946,-387,-2.852930335422042
82,0,73,경기도 오산시,기초자치단체,0.0374743432876522,0.0129448371474518,47510.93637521457,3670261.420366096,0.3389999999999999,820479.6,2574.0,54177,223548,0.3802565805521698,3,0.2160958818106532,0,0.8464558322376003,3,0.4548979538746299,2,0.7629239408276237,4,3.6402041478162994,1.9591479170272448,0.9795739585136224,0.039334690219557,0.5892609569763472,0.3142978235979521,경기도 오산시,경기도 오산시,14553,11917,2636,4.86544353796744
83,0,74,경기도 화성시,기초자치단체,0.0086309285816554,0.0052963205675119,20594.7713018485,3888505.433031856,0.611,3500564.8,4485.5,217798,900234,0.6879324664733812,5,0.2160958818106532,0,0.9232107446220688,6,0.1748538108433025,0,0.7629239408276237,4,3.752798088388954,1.565596230357602,0.9877812438119246,0.0086180533654063,0.6130807639549971,0.3108494086602017,경기도 화성시,경기도 화성시,49407,39728,9679,4.444005711688299
84,0,75,울산광역시 울주군,기초자치단체,0.0616183539954864,0.0206558186982454,116146.75299195603,5622955.676011132,0.325,1159757.1,4736.0,40776,206254,0.6879324664733812,5,0.8255176774251182,2,0.1939941972355606,0,0.282778899218116,1,0.6000745015411126,3,3.485262279548288,1.789929075309999,0.8949645376549995,0.0650467224693683,0.5564822357033856,0.3107644790863769,울산광역시 울주군,울산광역시 울주군,7508,8369,-861,-2.111484415234078
85,0,76,경기도 과천시,기초자치단체,0.019240359532735,0.0088002715825236,85933.13936227065,9764828.114273643,0.4529999999999999,739666.2,1447.2,16841,75748,0.6879324664733812,5,0.5451988715434295,1,0.4058001932212103,1,0.7835040786528417,4,0.3954091969794811,2,3.6956324033655856,2.0381596816459533,0.8777875964952417,0.0199165088733717,0.600987079551259,0.3104517942123153,경기도 과천시,경기도 과천시,4296,3509,787,4.672841705260658
86,0,77,경기도 평택시,기초자치단체,0.0104642549620231,0.0048177921125901,22152.78325246719,4598119.373929848,0.4579999999999999,2588759.6,3091.0,139531,563004,0.8897408115865028,8,0.9216772058072776,4,0.1939941972355606,0,0.4548979538746299,2,0.3954091969794811,2,3.730719365483452,1.75,0.875,0.0105704442745583,0.6084099005384638,0.309490172406511,경기도 평택시,경기도 평택시,35445,31514,3931,2.817274890347734
87,0,78,서울특별시 서초구,기초자치단체,0.0206930467307836,0.0119806463051435,34774.425170502735,2902550.019824322,0.573,1090781.2,2993.0,86069,375801,0.3802565805521698,3,0.2160958818106532,0,0.6866271535089449,2,0.9227941680147312,9,0.6000745015411126,3,3.671959117308435,1.7322216637616483,0.8661108318808242,0.0214635401656082,0.595978878385515,0.3087212092755616,서울특별시 서초구,서울특별시 서초구,20281,18765,1516,1.7613570349715348
89,0,79,전라북도 장수군,기초자치단체,0.1929089346654513,0.0148940642879533,402188.1838074398,27003252.841653135,0.07,515519.1,919.0,2285,19091,0.3802565805521698,3,0.2160958818106532,0,0.9023945550547576,4,0.1748538108433025,0,0.2342275876890973,1,2.794687923092895,1.4056390622295665,0.886859507142915,0.2048639088155966,0.4103878029878126,0.3076258559017046,전라북도 장수군,전라북도 장수군,342,478,-136,-5.94925634295713
90,0,80,강원도 삼척시,기초자치단체,0.0873750618399942,0.0123262978733256,133272.61687917425,10812055.513243632,0.135,638830.3,1317.0,9882,59085,0.7930692900011372,6,0.2160958818106532,0,0.4058001932212103,1,0.6447143861010182,3,0.3954091969794811,2,3.3198759273703113,1.7295739585136225,0.8647869792568111,0.0924761877210576,0.5214939320189579,0.3069850598700077,강원도 삼척시,강원도 삼척시,2578,3063,-485,-4.907416776282505
91,0,81,전라남도 순천시,기초자치단체,0.0213709000539484,0.0042553759610717,27504.946297343133,6463576.085628779,0.1969999999999999,1693250.1,1557.0,56608,261968,0.3802565805521698,3,0.8255176774251182,2,0.4058001932212103,1,0.4548979538746299,2,0.6000745015411126,3,3.627502700000175,2.231270254607576,0.9609557933859342,0.0221854163574623,0.5865739026482837,0.304379659502873,전라남도 순천시,전라남도 순천시,11026,12138,-1112,-1.9643519581691957
92,0,82,부산광역시 남구,기초자치단체,0.0174258960256174,0.0034454080965063,8156.938010962039,2367480.9434717605,0.196,579554.6,442.0,54187,244798,0.3802565805521698,3,0.5451988715434295,1,0.8464558322376003,3,0.1748538108433025,0,0.7629239408276237,4,3.643505981489732,1.867633890971212,0.933816945485606,0.0179842058779967,0.5899594762783341,0.3039718410781654,부산광역시 남구,부산광역시 남구,13549,13240,309,0.570236952830885
94,0,83,전라남도 해남군,기초자치단체,0.1387883560373141,0.0114638308831277,219104.2300248825,19112653.724450525,0.077,1117421.3,1585.0,7234,58465,0.2523224799936896,2,0.9057811183434152,3,0.1939941972355606,0,0.282778899218116,1,0.3954091969794811,2,2.9831054228850458,1.9056390622295665,0.9528195311147832,0.1472284943890455,0.4502484602631728,0.2987384773261091,전라남도 해남군,전라남도 해남군,1188,1629,-441,-6.095369730476849
95,0,84,충청북도 괴산군,기초자치단체,0.077074633631089,0.0074514098782198,135580.8877031288,18195333.489763595,0.093,620351.7,559.0,4123,34094,0.2523224799936896,2,0.9216772058072776,4,0.4058001932212103,1,0.6447143861010182,3,0.1456148539583952,0,3.293348791417099,1.8464393446710152,0.9232196723355076,0.0815068029945879,0.5158819847428592,0.2986943938687235,충청북도 괴산군,충청북도 괴산군,798,1054,-256,-6.207565470417071
96,0,85,충청남도 부여군,기초자치단체,0.0321432031214904,0.0030705453085022,47957.50411491845,15618562.599328978,0.094,884479.2,320.5,6683,56630,0.2523224799936896,2,0.5451988715434295,1,0.6866271535089449,2,0.4548979538746299,2,0.6000745015411126,3,3.5066097253453683,2.2464393446710154,0.9674887648835616,0.0336573216357145,0.5609983938180003,0.2973278577268574,충청남도 부여군,충청남도 부여군,1128,1647,-519,-7.764811490125672
97,0,86,경기도 시흥시,기초자치단체,0.0075780444064971,0.0030427321812191,9959.921548563145,3273348.081714001,0.4,1642402.4,1168.0,117270,501750,0.2523224799936896,2,0.5451988715434295,1,0.6866271535089449,2,0.7835040786528417,4,0.3954091969794811,2,3.6048240818990465,2.186704345910025,0.9417623012206598,0.0074967901173659,0.5817761284255863,0.2946364592714761,경기도 시흥시,경기도 시흥시,21510,21671,-161,-0.1372888437891721
98,0,87,경상북도 구미시,기초자치단체,0.0110483131324422,0.0030662416333475,18118.269839833494,5908950.43716854,0.276,2308603.3,1601.8,88408,390696,0.1704576931060095,1,0.5451988715434295,1,0.4058001932212103,1,0.912908923643149,7,0.7629239408276237,4,3.586396267648246,1.8322488896002307,0.7891066453068237,0.0111924338311115,0.5778776328559314,0.2945350333435214,경상북도 구미시,경상북도 구미시,21050,22186,-1136,-1.2849370539198497
99,0,88,서울특별시 구로구,기초자치단체,0.0312282793511115,0.0070103404709668,19153.986676438737,2732247.706907314,0.221,1033041.0,1751.0,91417,378092,0.855611774007365,7,0.2160958818106532,0,0.6866271535089449,2,0.4548979538746299,2,0.3954091969794811,2,3.472266263313034,1.7272486062639207,0.8636243031319604,0.0326829785667533,0.5537328639641897,0.2932079212654715,서울특별시 구로구,서울특별시 구로구,18470,17734,736,0.8050930888884027
100,0,89,인천광역시 서구,기초자치단체,0.0167983824977924,0.0054208859833171,10664.62837591905,1967322.0224036311,0.32,1171947.5,1465.0,137370,595707,0.855611774007365,7,0.2160958818106532,0,0.4058001932212103,1,0.4548979538746299,2,0.7629239408276237,4,3.5400256171130255,1.6893917467430877,0.8446958733715437,0.0173159387760693,0.5680676915784019,0.2926918151772356,인천광역시 서구,인천광역시 서구,32581,26327,6254,4.552634835591209
101,0,90,경기도 김포시,기초자치단체,0.0057188255959568,0.0021334978581144,8032.810224173995,3765089.42515341,0.372,1738232.6,733.5,91313,461671,0.855611774007365,7,0.2160958818106532,0,0.6866271535089449,2,0.1748538108433025,0,0.7629239408276237,4,3.591752866636487,1.419556298571613,0.8956403056385981,0.0055168252062107,0.57901084795892,0.2922638365825654,경기도 김포시,경기도 김포시,18147,17412,735,0.8049149089953347
102,0,91,전라남도 함평군,기초자치단체,0.2293616806918539,0.0195925626973427,438713.9986604153,22391863.965805613,0.076,602453.1,1310.0,2986,26905,0.1242654371597472,0,0.2160958818106532,0,0.8464558322376003,3,0.282778899218116,1,0.1456148539583952,0,2.426489028843645,0.8112781244591328,0.8112781244591328,0.2436840614723762,0.3324934993853009,0.2880887804288385,전라남도 함평군,전라남도 함평군,618,754,-136,-4.5530632741881485
103,0,92,경기도 의정부시,기초자치단체,0.0156415095626164,0.0035627720902659,11906.503232601,3341921.102708636,0.226,1485744.6,1221.0,102549,444578,0.3802565805521698,3,0.2160958818106532,0,0.8464558322376003,3,0.6447143861010182,3,0.3954091969794811,2,3.473344845795462,1.9808259362290783,0.9904129681145392,0.0160839332663745,0.5539610434418003,0.2850224883540874,경기도 의정부시,경기도 의정부시,17973,19775,-1802,-1.757191613846904
104,0,93,경기도 안산시,기초자치단체,0.0334020309445276,0.0126354048529476,49552.83247276231,3921744.7362758834,0.372,2387703.3,8023.0,161908,608837,0.8897408115865028,8,0.5451988715434295,1,0.4058001932212103,1,0.1748538108433025,0,0.6000745015411126,3,3.3599308361844313,1.4885252948977483,0.7442626474488743,0.0349979034460261,0.5299677467877385,0.2824828251168823,경기도 안산시,경기도 안산시,26949,30786,-3837,-2.3698497304041157
105,0,94,광주광역시 남구,기초자치단체,0.0168747260206975,0.002382507184984,6529.409033935286,2740562.1586736613,0.14,560535.4,281.3,43082,204533,0.3802565805521698,3,0.2160958818106532,0,0.9190284936775536,5,0.1748538108433025,0,0.7629239408276237,4,3.4339927455074433,1.5545851693377997,0.9808340377961404,0.0173972403935492,0.5456359113050472,0.2815165758492982,광주광역시 남구,광주광역시 남구,7696,9299,-1603,-3.7207251119931297
106,0,95,충청남도 예산군,기초자치단체,0.0564903241188844,0.0070320815616338,79753.36096229657,11341358.922430784,0.121,834417.8,789.0,9893,73573,0.2523224799936896,2,0.9216772058072776,4,0.6866271535089449,2,0.282778899218116,1,0.1456148539583952,0,3.207316426540913,1.836591668108979,0.9182958340544894,0.0595856550783402,0.4976814109389325,0.2786335330086363,충청남도 예산군,충청남도 예산군,2118,2413,-295,-2.9816050131392764
107,0,96,경기도 남양주시,기초자치단체,0.0107655603392644,0.0033120575533879,11329.93901415543,3420815.8619000274,0.306,2374012.0,1620.0,142984,693990,0.3802565805521698,3,0.2160958818106532,0,0.9190284936775536,5,0.1748538108433025,0,0.7629239408276237,4,3.4339927455074433,1.5545851693377997,0.9808340377961404,0.0108913177893366,0.5456359113050472,0.2782636145471919,경기도 남양주시,경기도 남양주시,21640,22262,-622,-0.4350106654544183
108,0,97,전라남도 나주시,기초자치단체,0.0140261758140987,0.0021470006290749,20502.050205020503,9549158.918436917,0.152,1028052.9,410.0,19998,107659,0.1704576931060095,1,0.5451988715434295,1,0.6866271535089449,2,0.4548979538746299,2,0.6000745015411126,3,3.403521360795928,2.197159723424149,0.9462651872218008,0.014363692419123,0.5391895386271842,0.2767766155231536,전라남도 나주시,전라남도 나주시,4409,4315,94,0.4700235011750587
109,0,98,강원도 춘천시,기초자치단체,0.0311555049642588,0.006360829412509,41346.47378511559,6500170.198528583,0.201,1787371.3,2609.5,63113,274973,0.3802565805521698,3,0.2160958818106532,0,0.9023945550547576,4,0.4548979538746299,2,0.3954091969794811,2,3.317184182037455,1.9362600275315272,0.9681300137657636,0.0326054778812061,0.5209244799335417,0.2767649789073739,강원도 춘천시,강원도 춘천시,15445,14738,707,1.1201952023322876
110,0,99,서울특별시 성북구,기초자치단체,0.0193096015304409,0.0040359281969701,11285.295196186284,2796208.1200201344,0.207,1138797.7,1231.0,109080,407265,0.855611774007365,7,0.5451988715434295,1,0.4058001932212103,1,0.6447143861010182,3,0.1456148539583952,0,3.3724891643350507,1.5510981710072649,0.7755490855036323,0.0199902477604025,0.5326245234402021,0.2763073856003023,서울특별시 성북구,서울특별시 성북구,21675,21476,199,0.18243323768575645
111,0,100,전라남도 영암군,기초자치단체,0.0513266741903476,0.0058460054946841,82681.2728221179,14143208.195288522,0.111,695831.7,634.0,7668,49199,0.2523224799936896,2,0.8255176774251182,2,0.1939941972355606,0,0.7835040786528417,4,0.2342275876890973,1,3.207861855050797,1.8365916681089791,0.9182958340544896,0.0540866543076773,0.4977967990473868,0.2759417266775321,전라남도 영암군,전라남도 영암군,1522,1761,-239,-3.1164428217499025
112,0,101,충청남도 아산시,기초자치단체,0.0092001991290843,0.0032256852164239,15410.82715031602,4777535.970295498,0.349,1574900.4,1121.6,72780,329647,0.5397404182225715,4,0.2160958818106532,0,0.1939941972355606,0,0.8962857501780289,6,0.6000745015411126,3,3.4091377646145347,1.5262349099495227,0.962947015626608,0.0092242949236744,0.540377716731556,0.2748010058276152,충청남도 아산시,충청남도 아산시,21884,16691,5193,7.135103941962876
113,0,102,전라남도 강진군,기초자치단체,0.094302147649712,0.007515770971791,129661.50315547906,17251923.1416361,0.076,512675.4,452.0,3486,29717,0.2523224799936896,2,0.5451988715434295,1,0.4058001932212103,1,0.1748538108433025,0,0.9229933126569622,9,2.97718371913757,1.3520301017579528,0.6760150508789764,0.0998531498957339,0.4489956944435183,0.2744244221696261,전라남도 강진군,전라남도 강진군,681,883,-202,-5.792945225121882
114,0,103,경상남도 밀양시,기초자치단체,0.0281820187069578,0.0042302675292234,54517.38706532337,12887456.09792004,0.148,1225571.3,671.0,12308,95098,0.6879324664733812,5,0.5451988715434295,1,0.1939941972355606,0,0.8596596586835148,5,0.1456148539583952,0,3.2832642767948492,1.3485878960124222,0.8508642289005679,0.0294388799423936,0.5137485556208865,0.2715937177816401,경상남도 밀양시,경상남도 밀양시,2768,3311,-543,-4.411406288081891
115,0,104,울산광역시 중구,기초자치단체,0.0272916768162662,0.0046758084868634,10630.722278738556,2273558.104145041,0.1689999999999999,451196.7,418.0,39320,198454,0.6879324664733812,5,0.8255176774251182,2,0.1939941972355606,0,0.282778899218116,1,0.3954091969794811,2,3.266114461053498,1.7609640474436812,0.8804820237218406,0.028490715211859,0.5101204269791432,0.2693055710955011,울산광역시 중구,울산광역시 중구,8830,8442,388,0.9867500826530352
116,0,105,서울특별시 도봉구,기초자치단체,0.0442315414275892,0.0090448679216726,27015.74888335935,2986859.412134291,0.2,874719.7,1748.0,64703,292856,0.855611774007365,7,0.2160958818106532,0,0.1939941972355606,0,0.6447143861010182,3,0.3954091969794811,2,3.179304464004254,1.384431504340598,0.8734790278701756,0.0465307314487821,0.4917553412292944,0.2691430363390382,서울특별시 도봉구,서울특별시 도봉구,10991,11351,-360,-0.556379821958457
117,0,106,충청남도 당진시,기초자치단체,0.0253843800162866,0.0058360126710643,42799.34700830435,7333662.454248689,0.2269999999999999,1186175.9,1206.0,28178,161744,0.2523224799936896,2,0.5451988715434295,1,0.8464558322376003,3,0.282778899218116,1,0.3954091969794811,2,3.2684304671941176,2.197159723424149,0.9462651872218008,0.0264595499086095,0.5106103895734919,0.2685349697410507,충청남도 당진시,충청남도 당진시,6742,6370,372,1.3201320132013201
118,0,107,경상남도 합천군,기초자치단체,0.0951621802294536,0.0080868142136484,188378.30241708824,23294501.077959064,0.081,875197.7,670.25,3558,37571,0.1704576931060095,1,0.2160958818106532,0,0.6866271535089449,2,0.1748538108433025,0,0.8948517107873377,6,2.9153931357705076,1.224394445405986,0.7725068857142602,0.100769036891221,0.4359235898398798,0.2683463133655504,경상남도 합천군,경상남도 합천군,685,892,-207,-5.816240516999157
119,0,108,전라북도 완주군,기초자치단체,0.0413770677636469,0.0068859396395661,71420.41562000457,10371920.08039506,0.163,959848.6,1251.0,17516,92543,0.2523224799936896,2,0.5451988715434295,1,0.1939941972355606,0,0.4548979538746299,2,0.8948517107873377,6,3.184173068011163,1.6858157091530304,0.8429078545765152,0.0434908753208312,0.4927853185718604,0.2681380969463458,전라북도 완주군,전라북도 완주군,4116,3280,836,4.772506707769595
120,0,109,서울특별시 관악구,기초자치단체,0.0189870662454426,0.0038145249046147,8713.268910124245,2284234.3746617306,0.1989999999999999,1055110.7,1458.0,167331,461910,0.3802565805521698,3,0.5451988715434295,1,0.4058001932212103,1,0.8596596586835148,5,0.2342275876890973,1,3.27432821378004,1.971747257128181,0.8491853220906186,0.0196467655713853,0.5118580871367103,0.2657524263540478,서울특별시 관악구,서울특별시 관악구,51944,49709,2235,1.3356680132909426
121,0,110,인천광역시 옹진군,기초자치단체,0.2497124426595976,0.0246780927787628,600133.0671989354,24318454.127678424,0.087,439215.6,1804.0,3006,18061,0.1704576931060095,1,0.2160958818106532,0,0.4058001932212103,1,0.1748538108433025,0,0.1456148539583952,0,2.112822432939571,1.0,1.0,0.2653564942075502,0.2661357741641638,0.265746134185857,인천광역시 옹진군,인천광역시 옹진군,1208,1343,-135,-4.489524442966411
122,0,111,인천광역시 연수구,기초자치단체,0.0184187236427718,0.0057441229220247,12289.93625651922,2139567.0711355633,0.309,794883.4,1018.0,82832,371516,0.5397404182225715,4,0.5451988715434295,1,0.1939941972355606,0,0.282778899218116,1,0.8529956028079867,5,3.2530765040537304,1.6767370300521325,0.8383685150260662,0.0190415122228159,0.5073621824630451,0.2632018473429305,인천광역시 연수구,인천광역시 연수구,19980,18853,1127,1.3605688554078688
123,0,112,충청북도 음성군,기초자치단체,0.0627876834303617,0.0149041702895486,160632.183908046,10777666.97423522,0.23,911079.3,2236.0,13920,84534,0.3802565805521698,3,0.5451988715434295,1,0.4058001932212103,1,0.6447143861010182,3,0.1456148539583952,0,3.0272239476057896,1.811278124459133,0.9056390622295664,0.0662919934603396,0.4595819531464136,0.2629369733033767,충청북도 음성군,충청북도 음성군,3252,3633,-381,-2.736872351124201
124,0,113,경상북도 상주시,기초자치단체,0.1287275292036498,0.0118146953990751,201012.92350681103,17013804.987519752,0.086,1485951.7,2302.0,11452,87338,0.2523224799936896,2,0.5451988715434295,1,0.4058001932212103,1,0.282778899218116,1,0.2342275876890973,1,2.69005193153379,2.2516291673878226,0.9697238998682473,0.1365142718376529,0.3882515396215861,0.2623829057296195,경상북도 상주시,경상북도 상주시,2394,3054,-660,-5.762682266655025
125,0,114,경상남도 사천시,기초자치단체,0.038087602946298,0.005668045985994,53484.125581669316,9436078.273505615,0.146,961045.7,908.0,16977,101848,0.2523224799936896,2,0.9057811183434152,3,0.1939941972355606,0,0.6447143861010182,3,0.1456148539583952,0,3.127483857953587,1.561278124459133,0.985056822321508,0.0399877777414032,0.4807924348120788,0.2603901062767411,경상남도 사천시,경상남도 사천시,4405,4480,-75,-0.4417481446577924
126,0,115,서울특별시 강남구,기초자치단체,0.0145337695440849,0.008842498572984,31171.41401357637,3525181.684372841,0.604,1760317.1,3793.0,121682,499355,0.6879324664733812,5,0.2160958818106532,0,0.4058001932212103,1,0.6447143861010182,3,0.3954091969794811,2,3.2449166622407435,1.789929075309999,0.8949645376549995,0.0149042515877358,0.5056359274268227,0.2602700895072793,서울특별시 강남구,서울특별시 강남구,32413,28379,4034,3.3151713879506586
127,0,116,전라북도 순창군,기초자치단체,0.0620316858391173,0.0051836806819479,121555.91572123177,23449730.64111527,0.081,570227.1,375.0,3085,24317,0.3802565805521698,3,0.2160958818106532,0,0.4058001932212103,1,0.4548979538746299,2,0.6000745015411126,3,3.0026556670361018,1.8910611120726528,0.9455305560363264,0.0654868979572737,0.4543844114493126,0.2599356547032931,전라북도 순창군,전라북도 순창군,521,626,-105,-3.4024627349319507
129,0,117,경상남도 통영시,기초자치단체,0.0057982372531243,0.0007152547867313,5487.04970114695,7671461.698595484,0.123,873372.9,101.9,18571,113847,0.1704576931060095,1,0.5451988715434295,1,0.1939941972355606,0,0.8596596586835148,5,0.6000745015411126,3,3.2121225707232943,1.6854752972273346,0.8427376486136673,0.0056013942165053,0.4986981745956056,0.2521497844060554,경상남도 통영시,경상남도 통영시,3249,3893,-644,-3.467585612750377
130,0,118,인천광역시 부평구,기초자치단체,0.0161220500896898,0.0027467082556398,6546.334504149022,2383338.125083856,0.1689999999999999,1119113.1,725.0,110749,469557,0.3802565805521698,3,0.5451988715434295,1,0.4058001932212103,1,0.1748538108433025,0,0.7629239408276237,4,3.145391036477588,1.7527152789797047,0.8763576394898523,0.0165956822743984,0.4845807873095979,0.2505882347919982,인천광역시 부평구,인천광역시 부평구,24380,22365,2015,1.8194130925507903
131,0,119,대구광역시 수성구,기초자치단체,0.0066146159477217,0.0018980506787242,4432.46038488531,2335269.7768136305,0.286,907483.5,360.0,81219,388599,0.1242654371597472,0,0.2160958818106532,0,0.6866271535089449,2,0.4548979538746299,2,0.7629239408276237,4,3.191204997538785,1.5,0.9463946303571862,0.0064707922455881,0.4942729581658165,0.2503718752057023,대구광역시 수성구,대구광역시 수성구,16452,19019,-2567,-3.160551588278749
132,0,120,충청북도 단양군,기초자치단체,0.0699076713139234,0.0082546445311831,154143.82457271847,18673587.21389108,0.114,473188.7,478.0,3101,25340,0.2523224799936896,2,0.5451988715434295,1,0.6866271535089449,2,0.282778899218116,1,0.1456148539583952,0,2.8716901752498196,1.9182958340544891,0.9591479170272448,0.0738743856442945,0.4266780116257784,0.2502761986350365,충청북도 단양군,충청북도 단양군,540,651,-111,-3.5783365570599615
133,0,121,경기도 양평군,기초자치단체,0.0508675029515244,0.0106976119326926,90363.3293727722,8447056.216034114,0.205,952802.6,1445.0,15991,112797,0.3802565805521698,3,0.2160958818106532,0,0.6866271535089449,2,0.282778899218116,1,0.3954091969794811,2,2.913987243184148,1.9056390622295665,0.9528195311147832,0.0535976624063866,0.4356261662852064,0.2446119143457965,경기도 양평군,경기도 양평군,4258,4267,-9,-0.056278139069534765
134,0,122,충청북도 증평군,기초자치단체,0.0262984959446822,0.0041836343915427,37051.74010850867,8856352.310184926,0.157,317039.7,280.0,7557,35798,0.2523224799936896,2,0.9057811183434152,3,0.4058001932212103,1,0.282778899218116,1,0.2342275876890973,1,3.0092934902351147,2.1556390622295662,0.9283832117695864,0.0274330326706656,0.4557886758933381,0.2416108542820018,충청북도 증평군,충청북도 증평군,1403,1516,-113,-1.4951045250066155
135,0,123,대구광역시 동구,기초자치단체,0.0040846695214968,0.0007080930056622,1922.8746976730213,2715567.9865452815,0.173,891282.0,128.0,66567,328212,0.855611774007365,7,0.2160958818106532,0,0.1939941972355606,0,0.282778899218116,1,0.7629239408276237,4,3.119418844183765,1.280672129520887,0.8080141510844469,0.0037765396258159,0.479086241119059,0.2414313903724375,대구광역시 동구,대구광역시 동구,17653,15838,1815,2.7265352722028604
136,0,124,경기도 광주시,기초자치단체,0.0063998288842705,0.0023498486659436,10162.193964191638,4324616.351458052,0.366,1610253.6,760.0,74787,372346,0.3802565805521698,3,0.5451988715434295,1,0.1939941972355606,0,0.282778899218116,1,0.8529956028079867,5,3.0979617999709297,1.6854752972273344,0.8427376486136672,0.0062420559362347,0.4745468969156088,0.2403944764259217,경기도 광주시,경기도 광주시,13509,13268,241,0.32224421030111783
137,0,125,인천광역시 계양구,기초자치단체,0.0641075513100682,0.0109903727172528,26791.69457468185,2437742.127946577,0.166,657817.4,1680.0,62706,269847,0.3802565805521698,3,0.2160958818106532,0,0.4058001932212103,1,0.4548979538746299,2,0.3954091969794811,2,2.8052793375529275,1.9056390622295665,0.9528195311147832,0.067697579545401,0.4126284692864226,0.2401630244159118,인천광역시 계양구,인천광역시 계양구,10911,11886,-975,-1.5548503356882006
138,0,126,경상북도 칠곡군,기초자치단체,0.0515118908269848,0.0105723411228161,68716.67259153929,6499664.718842801,0.2,678500.0,1353.1,19691,104390,0.3802565805521698,3,0.2160958818106532,0,0.8464558322376003,3,0.282778899218116,1,0.2342275876890973,1,2.8654538437372032,1.811278124459133,0.9056390622295664,0.0542838997526054,0.4253586847407802,0.2398212922466928,경상북도 칠곡군,경상북도 칠곡군,2932,4125,-1193,-6.058297785902904
139,0,127,전라남도 영광군,기초자치단체,0.1051570766874705,0.0129735556238532,198474.40222971985,15298381.414020628,0.1169999999999999,716438.5,1353.0,6817,46831,0.3802565805521698,3,0.2160958818106532,0,0.1939941972355606,0,0.282778899218116,1,0.6000745015411126,3,2.5873009523761774,1.448815635725185,0.9141008920185651,0.1114130472493951,0.366514059984995,0.238963553617195,전라남도 영광군,전라남도 영광군,1213,1459,-246,-3.6080962158990904
140,0,128,경상남도 창녕군,기초자치단체,0.0960103860361366,0.0132009350515562,188630.0700439811,14289144.61795979,0.131,751223.2,1158.0,6139,52573,0.1704576931060095,1,0.5451988715434295,1,0.1939941972355606,0,0.7835040786528417,4,0.1456148539583952,0,2.628459776639084,1.2516291673878228,0.7896900821428475,0.1016723290293757,0.3752214135461574,0.2384468712877666,경상남도 창녕군,경상남도 창녕군,1156,1561,-405,-6.596091205211726
141,0,129,부산광역시 중구,기초자치단체,0.0216063897422601,0.0051764350279416,43247.606965747895,8354708.73918116,0.237,307929.5,375.0,8671,36857,0.2523224799936896,2,0.2160958818106532,0,0.6866271535089449,2,0.282778899218116,1,0.6000745015411126,3,2.9907184471872994,1.9056390622295665,0.9528195311147832,0.0224361998140154,0.451859033340917,0.2371476165774662,부산광역시 중구,부산광역시 중구,2340,2555,-215,-2.4792435424354244
142,0,130,부산광역시 북구,기초자치단체,0.0119301813209852,0.0013321809058566,3352.5521763958222,2516589.2722655553,0.111,664960.9,182.0,54287,264231,0.3802565805521698,3,0.2160958818106532,0,0.1939941972355606,0,0.4548979538746299,2,0.8529956028079867,5,3.03547077949713,1.4854752972273344,0.9372305632161296,0.012131574538854,0.4613266113654796,0.2367290929521668,부산광역시 북구,부산광역시 북구,8544,10567,-2023,-3.7264220453875625
143,0,131,경상남도 거제시,기초자치단체,0.0113458736379251,0.0018827295593376,12017.971829433003,6383270.379874033,0.165,1422933.1,436.0,36279,222916,0.2523224799936896,2,0.5451988715434295,1,0.4058001932212103,1,0.6447143861010182,3,0.2342275876890973,1,3.0106467303180313,2.1556390622295662,0.9283832117695864,0.0115093192651775,0.4560749605495718,0.2337921399073746,경상남도 거제시,경상남도 거제시,7885,9079,-1194,-3.2910694597574417
144,0,132,충청남도 공주시,기초자치단체,0.0694471025276412,0.0094928272681483,110699.1832242368,11661350.206557548,0.132,1115000.0,1911.0,17263,95615,0.2523224799936896,2,0.2160958818106532,0,0.4058001932212103,1,0.4548979538746299,2,0.3954091969794811,2,2.699631738337038,1.9502120649147463,0.9751060324573732,0.0733839054324753,0.3902781952993743,0.2318310503659248,충청남도 공주시,충청남도 공주시,4104,3993,111,0.6429564411492122
145,0,133,경기도 의왕시,기초자치단체,0.0069165355171438,0.0024777620666024,11417.48016212822,4607980.853377178,0.357,695049.4,400.0,35034,150836,0.2523224799936896,2,0.2160958818106532,0,0.1939941972355606,0,0.7835040786528417,4,0.6000745015411126,3,3.011624746376683,1.5304930567574826,0.9656336071428252,0.0067923198409728,0.4562818647010797,0.2315370922710262,경기도 의왕시,경기도 의왕시,6648,6528,120,0.34251462822891393
146,0,134,광주광역시 서구,기초자치단체,0.0409948166966664,0.0071139399050771,17677.07173173595,2484849.7411567913,0.17,689267.5,1174.5,66442,277388,0.8897408115865028,8,0.2160958818106532,0,0.6866271535089449,2,0.1748538108433025,0,0.1456148539583952,0,2.8348606065951607,0.7219280948873623,0.7219280948873623,0.0430837991361549,0.418886533576435,0.230985166356295,광주광역시 서구,광주광역시 서구,14258,16282,-2024,-3.0462200683292444
147,0,135,충청북도 충주시,기초자치단체,0.0203186599103067,0.0037358210157448,28073.848496383707,7514773.426795607,0.182,1513745.9,1180.0,42032,201436,0.9229121281606046,12,0.5451988715434295,1,0.1939941972355606,0,0.282778899218116,1,0.3954091969794811,2,2.933432355366758,1.186278124459133,0.5931390622295665,0.0210648389672657,0.4397398762816079,0.2304023576244368,충청북도 충주시,충청북도 충주시,9332,9348,-16,-0.03806532962196369
148,0,136,서울특별시 강북구,기초자치단체,0.0243307818682534,0.0042362207830264,18623.965772171017,4396363.345081705,0.172,1207452.4,1184.0,63574,274648,0.2523224799936896,2,0.2160958818106532,0,0.6866271535089449,2,0.1748538108433025,0,0.6000745015411126,3,2.9121148605325784,1.5566567074628228,0.9821410328348752,0.0253375263190581,0.4352300544418538,0.230283790380456,서울특별시 강북구,서울특별시 강북구,11900,12845,-945,-1.4864333464412112
149,0,137,전라북도 익산시,기초자치단체,0.0810768799989094,0.0129215027293334,89276.69849632312,6909157.577597683,0.153,1774976.4,4880.4,54666,256902,0.9209753976083528,11,0.2160958818106532,0,0.1939941972355606,0,0.4548979538746299,2,0.2342275876890973,1,2.6172858615062853,0.946372935985442,0.5970948432879916,0.085768973390648,0.3728575163390307,0.2293132448648393,전라북도 익산시,전라북도 익산시,10138,11906,-1768,-3.234126621179139
150,0,138,부산광역시 해운대구,기초자치단체,0.0177700782433871,0.0053069560220127,13425.366210251075,2529767.7528443784,0.296,915629.2,955.0,71134,361942,0.8897408115865028,8,0.2160958818106532,0,0.1939941972355606,0,0.282778899218116,1,0.6000745015411126,3,2.9326842913919453,1.188721875540867,0.75,0.0183507408497624,0.439581619634784,0.2289661802422732,부산광역시 해운대구,부산광역시 해운대구,12858,15200,-2342,-3.2923314823926337
152,0,139,서울특별시 강동구,기초자치단체,0.0092036437375057,0.0023670086404218,6080.358011479716,2568794.1766009075,0.256,1120081.6,625.0,102790,436034,0.6879324664733812,5,0.5451988715434295,1,0.4058001932212103,1,0.282778899218116,1,0.2342275876890973,1,2.965594851561649,1.8799649487271108,0.809656833416415,0.009227963240587,0.4465440119874678,0.2278859876140274,서울특별시 강동구,서울특별시 강동구,23269,20179,3090,3.006099755815198
153,0,140,대구광역시 북구,기초자치단체,0.0145306316836027,0.0025906984675968,5674.723623701869,2190422.2720931643,0.177,902837.3,559.0,98507,412175,0.3802565805521698,3,0.2160958818106532,0,0.4058001932212103,1,0.8596596586835148,5,0.2342275876890973,1,2.938777550570313,1.6854752972273344,0.8427376486136672,0.0149009099403646,0.4408706788573444,0.2278857943988545,대구광역시 북구,대구광역시 북구,19829,22985,-3156,-3.2038007065416005
154,0,141,경상남도 양산시,기초자치단체,0.0175933399632963,0.0044727516220096,23018.714033259323,5146432.4376941295,0.252,1744707.5,1524.0,66207,339013,0.855611774007365,7,0.2160958818106532,0,0.1939941972355606,0,0.1748538108433025,0,0.6000745015411126,3,2.9219210646686866,0.8812908992306927,0.8812908992306927,0.0181625243843018,0.4373046055991127,0.2277335649917072,경상남도 양산시,경상남도 양산시,12954,13124,-170,-0.25676655389076847
156,0,142,서울특별시 마포구,기초자치단체,0.0142744888133318,0.0047443624231594,11735.079325107026,2473478.6844745497,0.33,853018.7,1165.0,99275,344866,0.7930692900011372,6,0.5451988715434295,1,0.1939941972355606,0,0.4548979538746299,2,0.1456148539583952,0,2.9052820523274128,1.224394445405986,0.7725068857142602,0.0146281319905591,0.4337845399519852,0.2242063359712721,서울특별시 마포구,서울특별시 마포구,25533,22545,2988,3.0097908860147466
157,0,143,경상북도 포항시,기초자치단체,0.0116177668426831,0.0029681208616229,16776.420793776528,5652202.7154256115,0.254,2653517.0,1419.0,84583,469466,0.7930692900011372,6,0.2160958818106532,0,0.1939941972355606,0,0.282778899218116,1,0.6000745015411126,3,2.9033581919530898,1.295461844238322,0.8173454221465103,0.0117988704476152,0.4333775377408788,0.222588204094247,경상북도 포항시,경상북도 포항시,21112,21427,-315,-0.3724108578454554
158,0,144,경상남도 고성군,기초자치단체,0.0622932986177713,0.0060417982229921,105951.21951219512,17536371.722742334,0.094,788593.1,543.0,5125,44969,0.2523224799936896,2,0.8255176774251182,2,0.1939941972355606,0,0.1748538108433025,0,0.2342275876890973,1,2.6411454710475297,1.521928094887362,0.9602297178607612,0.0657655010561172,0.3779051351626358,0.2218353181093765,경상남도 고성군,경상남도 고성군,860,1334,-474,-9.2469761997659
159,0,145,전라남도 보성군,기초자치단체,0.0843016499373461,0.0071245191452535,162875.59674248807,22861275.74672848,0.081,779158.0,580.0,3561,34082,0.2523224799936896,2,0.2160958818106532,0,0.4058001932212103,1,0.282778899218116,1,0.3954091969794811,2,2.511554568250395,1.9182958340544896,0.9591479170272448,0.0892031745123532,0.350489536462412,0.2198463554873826,전라남도 보성군,전라남도 보성군,608,813,-205,-5.755193711398091
160,0,146,강원도 횡성군,기초자치단체,0.0569758757272031,0.0063906995828167,101171.65705783894,15831076.980972316,0.109,673089.9,544.0,5377,42517,0.3802565805521698,3,0.5451988715434295,1,0.4058001932212103,1,0.1748538108433025,0,0.2342275876890973,1,2.6365776690294984,1.7924812503605778,0.8962406251802889,0.0601027406099494,0.3769387939738221,0.2185207672918857,강원도 횡성군,강원도 횡성군,805,1069,-264,-4.908888062476757
161,0,147,서울특별시 중랑구,기초자치단체,0.003327570775542,0.0007199524695962,2191.8308637183495,3044410.5080263573,0.216,1114388.2,192.0,87598,366044,0.5397404182225715,4,0.2160958818106532,0,0.1939941972355606,0,0.282778899218116,1,0.7629239408276237,4,2.873880442076379,1.3921472236645345,0.8783471047618534,0.0029702714540592,0.4271413734441412,0.2150558224491002,서울특별시 중랑구,서울특별시 중랑구,18235,16943,1292,1.4749026815374604
162,0,148,충청북도 진천군,기초자치단체,0.0382633254565071,0.0102972654234675,90851.89379640116,8822914.634146342,0.264,723479.0,1444.0,15894,82000,0.3802565805521698,3,0.8255176774251182,2,0.1939941972355606,0,0.1748538108433025,0,0.1456148539583952,0,2.6911877144692147,0.9709505944546686,0.9709505944546686,0.0401749124682798,0.3884918201389377,0.2143333663036087,충청북도 진천군,충청북도 진천군,3682,3593,89,0.5599245045611828
163,0,149,경상남도 함양군,기초자치단체,0.0780519313420094,0.0080367016235685,159262.3637887678,19816881.50792012,0.099,671812.1,570.0,3579,33901,0.2523224799936896,2,0.2160958818106532,0,0.6866271535089449,2,0.1748538108433025,0,0.1456148539583952,0,2.4755141801149856,1.0,1.0,0.0825475708506384,0.3428650134689466,0.2127062921597925,경상남도 함양군,경상남도 함양군,603,903,-300,-8.379888268156424
164,0,150,부산광역시 수영구,기초자치단체,0.0180666795690284,0.0036461738643541,9597.723451041262,2632272.570672179,0.2,435501.6,371.0,38655,165447,0.1704576931060095,1,0.8255176774251182,2,0.4058001932212103,1,0.1748538108433025,0,0.2342275876890973,1,2.771821009728419,1.9219280948873625,0.9609640474436812,0.0186666048104983,0.4055501939675664,0.2121083993890323,부산광역시 수영구,부산광역시 수영구,10131,10361,-230,-0.5949917218543046
165,0,151,대전광역시 유성구,기초자치단체,0.0056072337968766,0.0016137963380994,4000.768147484317,2479103.4983979934,0.287,876658.1,375.0,93732,353619,0.3802565805521698,3,0.2160958818106532,0,0.1939941972355606,0,0.4548979538746299,2,0.6000745015411126,3,2.8303759373356345,1.561278124459133,0.985056822321508,0.0053979861296594,0.4179377795353056,0.2116678828324825,대전광역시 유성구,대전광역시 유성구,27253,22092,5161,5.506065099804765
166,0,152,인천광역시 중구,기초자치단체,0.0261042687015455,0.0104469478698842,37884.203002144386,3626341.7290857015,0.395,539331.3,1325.0,34975,148726,0.5397404182225715,4,0.2160958818106532,0,0.4058001932212103,1,0.282778899218116,1,0.3954091969794811,2,2.714824589452032,1.75,0.875,0.0272261914295911,0.3934923183611834,0.2103592548953873,인천광역시 중구,인천광역시 중구,12266,8717,3549,10.14695791399817
167,0,153,서울특별시 동작구,기초자치단체,0.0056802335324964,0.00156081268153,4130.216549548258,2646196.176148026,0.2739999999999999,957899.2,432.0,104595,361991,0.3802565805521698,3,0.2160958818106532,0,0.1939941972355606,0,0.6447143861010182,3,0.3954091969794811,2,2.8155270650003907,1.561278124459133,0.985056822321508,0.0054757267991445,0.4147964268916623,0.2101360768454034,서울특별시 동작구,서울특별시 동작구,28016,25546,2470,2.3614669777046924
168,0,154,전라남도 담양군,기초자치단체,0.0492590650334953,0.0056046632105183,76407.96703296703,13632927.468250206,0.111,546394.1,445.0,5824,40079,0.2523224799936896,2,0.8255176774251182,2,0.1939941972355606,0,0.1748538108433025,0,0.1456148539583952,0,2.5923030194560663,1.0,1.0,0.0518847652361263,0.3675722721030826,0.2097285186696044,전라남도 담양군,전라남도 담양군,1060,1417,-357,-6.128755364806867
170,0,155,대전광역시 동구,기초자치단체,0.0267984420410784,0.0030148431915499,10541.161526535034,3496421.1591766994,0.111,753048.7,564.3,53533,215377,0.1704576931060095,1,0.2160958818106532,0,0.1939941972355606,0,0.4548979538746299,2,0.7629239408276237,4,2.668285196628103,1.3787834934861751,0.8699155297736259,0.0279654475336831,0.3836466788149395,0.2058060631743113,대전광역시 동구,대전광역시 동구,11202,11403,-201,-0.3754623230096761
172,0,156,서울특별시 동대문구,기초자치단체,0.0188331723528626,0.0045247691592343,12638.109435285864,2793094.849820862,0.238,912903.5,1153.0,91232,326843,0.6879324664733812,5,0.2160958818106532,0,0.4058001932212103,1,0.1748538108433025,0,0.3954091969794811,2,2.699539921200832,1.2987949406953985,0.8194483718728035,0.0194828771115537,0.3902587709284834,0.2048708240200185,서울특별시 동대문구,서울특별시 동대문구,23200,20368,2832,3.1041399493604285
173,0,157,경상남도 함안군,기초자치단체,0.0766309261298711,0.0120261737296981,176767.67676767678,14698580.00896459,0.151,819813.3,1295.0,7326,55775,0.3802565805521698,3,0.5451988715434295,1,0.1939941972355606,0,0.1748538108433025,0,0.2342275876890973,1,2.393504568581487,1.3709505944546687,0.8649735207179273,0.0810342791161465,0.3255154731012615,0.203274876108704,경상남도 함안군,경상남도 함안군,1173,1698,-525,-7.165279104681316
174,0,158,울산광역시 북구,기초자치단체,0.0133563340172953,0.0032942524300164,7708.002720471549,2339833.6600553505,0.245,486984.9,340.0,44110,208128,0.2523224799936896,2,0.2160958818106532,0,0.4058001932212103,1,0.1748538108433025,0,0.7629239408276237,4,2.681911836470105,1.3787834934861751,0.8699155297736259,0.0136503480584824,0.3865294621081899,0.2000899050833361,울산광역시 북구,울산광역시 북구,8985,9181,-196,-0.4443336129310149
175,0,159,경기도 하남시,기초자치단체,0.0038134157540431,0.0019676584787564,7249.985438872386,3684575.101393726,0.515,1157406.1,497.9,68676,314122,0.3802565805521698,3,0.2160958818106532,0,0.1939941972355606,0,0.282778899218116,1,0.7629239408276237,4,2.7229090067870385,1.4056390622295665,0.886859507142915,0.0034876694086408,0.395202616974726,0.1993451431916834,경기도 하남시,경기도 하남시,14750,13401,1349,1.9642675131412264
176,0,160,경상남도 산청군,기초자치단체,0.3733045194504587,0.037107180797561,828423.4380058271,22325151.633731168,0.0819999999999999,684623.1,2559.0,3089,30666,0.1242654371597472,0,0.2160958818106532,0,0.1939941972355606,0,0.1748538108433025,0,0.1456148539583952,0,0.8548241810076588,0.0,0.0,0.3969752009221163,0.0,0.1984876004610581,경상남도 산청군,경상남도 산청군,568,804,-236,-7.6375404530744335
177,0,161,경기도 광명시,기초자치단체,0.00765021134614,0.0027646376321772,11836.624106749754,4281437.816292713,0.36,1147202.7,699.0,59054,267948,0.1242654371597472,0,0.2160958818106532,0,0.1939941972355606,0,0.4548979538746299,2,0.7629239408276237,4,2.670473244962704,0.9182958340544896,0.9182958340544896,0.007573643905327,0.3841095713003173,0.1958416076028221,경기도 광명시,경기도 광명시,9412,9664,-252,-0.42672085344170685
178,0,162,서울특별시 광진구,기초자치단체,0.005528725750877,0.0014469937509551,4398.379115844346,3039666.973641636,0.261,976997.6,432.0,98218,321416,0.2523224799936896,2,0.2160958818106532,0,0.4058001932212103,1,0.282778899218116,1,0.6000745015411126,3,2.678257452373336,1.8423709931771088,0.9211854965885544,0.0053143794151396,0.3857563590142918,0.1955353692147157,서울특별시 광진구,서울특별시 광진구,23105,21453,1652,1.6819556297661349
179,0,163,인천광역시 미추홀구,기초자치단체,0.003303996097876,0.0004699433639116,1178.862667906816,2508520.7249108716,0.142,979446.9,109.0,92462,390448,0.1704576931060095,1,0.5451988715434295,1,0.1939941972355606,0,0.282778899218116,1,0.6000745015411126,3,2.6887447878245174,1.792481250360578,0.896240625180289,0.0029451657299208,0.3879750068819921,0.1954600863059565,인천광역시 미추홀구,인천광역시 미추홀구,21905,20808,1097,1.1864205141516067
180,0,164,경기도 여주시,기초자치단체,0.0143813646239609,0.0031143339035588,37886.96244303598,12165350.157136826,0.215,1296765.5,723.3,19091,106595,0.2523224799936896,2,0.5451988715434295,1,0.1939941972355606,0,0.282778899218116,1,0.3954091969794811,2,2.6288515619975215,1.9182958340544896,0.9591479170272448,0.0147419488009836,0.3753042976833283,0.195023123242156,경기도 여주시,경기도 여주시,4167,4295,-128,-0.6704378797402053
181,0,165,충청남도 홍성군,기초자치단체,0.0135101645411971,0.001917859326565,18974.08271981804,9893365.199939577,0.141,916897.3,317.0,16707,92678,0.2523224799936896,2,0.2160958818106532,0,0.4058001932212103,1,0.1748538108433025,0,0.6000745015411126,3,2.5697667031242735,1.4591479170272448,0.9206198357143052,0.0138141690341865,0.3628046025259909,0.1883093857800887,충청남도 홍성군,충청남도 홍성군,4025,3543,482,2.8848455829542736
183,0,166,부산광역시 부산진구,기초자치단체,0.0081373697070476,0.0017403310027422,4059.313737195253,2332495.2154497476,0.213,804384.3,340.0,83758,344860,0.3802565805521698,3,0.2160958818106532,0,0.1939941972355606,0,0.282778899218116,1,0.6000745015411126,3,2.5873009523761774,1.448815635725185,0.9141008920185651,0.0080924405393244,0.366514059984995,0.1873032502621597,부산광역시 부산진구,부산광역시 부산진구,25006,21943,3063,3.656920450339665
184,0,167,전라남도 목포시,기초자치단체,0.0212210679986803,0.0040107453523144,20640.819606267574,5146379.985046076,0.187,1059979.3,822.0,39824,205966,0.3802565805521698,3,0.5451988715434295,1,0.4058001932212103,1,0.1748538108433025,0,0.1456148539583952,0,2.516697830836435,1.3709505944546687,0.8649735207179273,0.0220258535290769,0.3515776191906378,0.1868017363598573,전라남도 목포시,전라남도 목포시,8382,9583,-1201,-3.0156936597614563
185,0,168,충청남도 서산시,기초자치단체,0.0050237480760219,0.0011835512402894,8648.325358851675,7307098.387000774,0.235,1227665.6,289.2,33440,168010,0.2523224799936896,2,0.2160958818106532,0,0.1939941972355606,0,0.282778899218116,1,0.9129747754085422,7,2.588012932828659,1.1567796494470397,0.7298466991620975,0.0047766062001412,0.3666646829835723,0.1857206445918567,충청남도 서산시,충청남도 서산시,7137,7464,-327,-0.9778415717233335
186,0,169,서울특별시 영등포구,기초자치단체,0.0160916080429355,0.0060669439360793,15158.792099417662,2498587.799578985,0.374,887828.2,1515.0,99942,355332,0.855611774007365,7,0.2160958818106532,0,0.4058001932212103,1,0.1748538108433025,0,0.2342275876890973,1,2.5089552204460777,0.9864267287308424,0.6223659728744493,0.0165632631830815,0.3499396315327656,0.1832514473579235,서울특별시 영등포구,서울특별시 영등포구,28365,23490,4875,4.877780334790831
187,0,170,부산광역시 사상구,기초자치단체,0.000947862554093,0.0001811275762942,494.6487993524598,2730941.414182542,0.191,536578.1,22.0,44476,196481,0.3802565805521698,3,0.2160958818106532,0,0.1939941972355606,0,0.1748538108433025,0,0.6000745015411126,3,2.5652749719827987,1.0,1.0,0.000436014189371,0.3618543545086842,0.1811451843490276,부산광역시 사상구,부산광역시 사상구,8657,9229,-572,-1.2860579625424375
188,0,171,대구광역시 서구,기초자치단체,0.0040173620872301,0.0005595365079627,2488.649739364386,4447698.593297476,0.139,688005.6,74.0,29735,154688,0.1242654371597472,0,0.2160958818106532,0,0.1939941972355606,0,0.6447143861010182,3,0.3954091969794811,2,2.545429693741129,0.9709505944546686,0.9709505944546686,0.0037048609415468,0.3576559873962982,0.1806804241689225,대구광역시 서구,대구광역시 서구,7735,6902,833,2.8013182674199624
189,0,172,경기도 가평군,기초자치단체,0.0211562419961711,0.0043832324843487,51430.47979516865,11733459.262955306,0.205,658434.8,462.0,8983,56116,0.1704576931060095,1,0.5451988715434295,1,0.4058001932212103,1,0.1748538108433025,0,0.1456148539583952,0,2.4419254226723472,1.584962500721156,1.0,0.0219568174319963,0.3357591451169986,0.1788579812744974,경기도 가평군,경기도 가평군,2129,2049,80,0.8904719501335707
190,0,173,경기도 양주시,기초자치단체,0.0059123610337851,0.0015832762342946,6887.182293337359,4349956.213677255,0.267,1092796.0,365.0,52997,251220,0.2523224799936896,2,0.2160958818106532,0,0.1939941972355606,0,0.4548979538746299,2,0.3954091969794811,2,2.5127197098940144,1.584962500721156,1.0,0.0057229297130029,0.3507360279602017,0.1782294788366023,경기도 양주시,경기도 양주시,15883,10281,5602,10.570210196611193
191,0,174,경상북도 문경시,기초자치단체,0.0291690786242248,0.0024862876822994,41666.666666666664,16758586.290437508,0.084,1058355.0,343.0,8232,63153,0.3802565805521698,3,0.5451988715434295,1,0.1939941972355606,0,0.1748538108433025,0,0.2342275876890973,1,2.393504568581487,1.3709505944546687,0.8649735207179273,0.0304900440067399,0.3255154731012615,0.1780027585540007,경상북도 문경시,경상북도 문경시,1596,2244,-648,-7.870763998542452
192,0,175,경상북도 고령군,기초자치단체,0.0381396615161384,0.0041597655753391,66443.15757391039,15972812.979609735,0.107,437112.0,218.0,3281,27366,0.5397404182225715,4,0.5451988715434295,1,0.1939941972355606,0,0.1748538108433025,0,0.1456148539583952,0,2.3213302466906214,0.7219280948873623,0.7219280948873623,0.0400432172308408,0.310246637074104,0.1751449271524724,경상북도 고령군,경상북도 고령군,740,780,-40,-1.218769043266301
193,0,176,부산광역시 연제구,기초자치단체,0.0125127716959166,0.0023545888018839,6023.787552547934,2558318.27099844,0.187,496807.5,235.0,39012,194193,0.1704576931060095,1,0.2160958818106532,0,0.6866271535089449,2,0.1748538108433025,0,0.2342275876890973,1,2.428656757315194,1.5,0.9463946303571862,0.0127520009746245,0.3329520931027941,0.1728520470387093,부산광역시 연제구,부산광역시 연제구,11828,9427,2401,6.154358803475764
194,0,177,전라남도 구례군,기초자치단체,0.0460219544102125,0.0036264997315025,69025.02157031924,19033510.73508006,0.077,418432.7,160.0,2318,21984,0.1704576931060095,1,0.5451988715434295,1,0.1939941972355606,0,0.1748538108433025,0,0.1456148539583952,0,2.2301194266866977,1.0,1.0,0.0484374219695393,0.2909505353850802,0.1696939786773098,전라남도 구례군,전라남도 구례군,457,565,-108,-4.657179818887451
195,0,178,서울특별시 종로구,기초자치단체,0.0054007164336177,0.0025289575187205,15500.468823253634,6129193.040417451,0.467,794024.7,529.0,34128,129548,0.1704576931060095,1,0.2160958818106532,0,0.6866271535089449,2,0.1748538108433025,0,0.2342275876890973,1,2.428656757315194,1.5,0.9463946303571862,0.0051780565923296,0.3329520931027941,0.1690650748475618,서울특별시 종로구,서울특별시 종로구,8526,7822,704,2.0627618740660436
196,0,179,전라남도 진도군,기초자치단체,0.0105853948694012,0.0008300462327976,15194.681861348528,18305825.941930104,0.078,482944.3,48.0,3159,26382,0.1242654371597472,0,0.2160958818106532,0,0.6866271535089449,2,0.282778899218116,1,0.1456148539583952,0,2.373678059710346,0.9182958340544896,0.9182958340544896,0.0106994515568585,0.321321076742371,0.1660102641496147,전라남도 진도군,전라남도 진도군,667,764,-97,-3.069620253164557
197,0,180,부산광역시 영도구,기초자치단체,0.0139762962136191,0.0015059630737656,6028.012528810354,4002762.507142717,0.107,406288.4,102.0,16921,101502,0.2523224799936896,2,0.2160958818106532,0,0.4058001932212103,1,0.282778899218116,1,0.2342275876890973,1,2.3521890893764477,1.9219280948873625,0.9609640474436812,0.0143105734111977,0.3167749784095474,0.1655427759103725,부산광역시 영도구,부산광역시 영도구,2826,3489,-663,-3.9179765985108146
198,0,181,충청남도 계룡시,기초자치단체,0.0125681166087651,0.0023650689051061,17447.495961227785,7377161.791590493,0.187,322824.6,151.2,8666,43760,0.1704576931060095,1,0.2160958818106532,0,0.1939941972355606,0,0.282778899218116,1,0.6000745015411126,3,2.328374693629379,1.3709505944546687,0.8649735207179273,0.0128109402370878,0.3117369247885151,0.1622739325128015,충청남도 계룡시,충청남도 계룡시,2470,2396,74,0.8538133148725049
199,0,182,충청남도 금산군,기초자치단체,0.005328739283107,0.0005984117738571,9250.96985974336,15459204.286899015,0.1119999999999999,727000.0,62.0,6702,47027,0.2523224799936896,2,0.5451988715434295,1,0.1939941972355606,0,0.1748538108433025,0,0.2342275876890973,1,2.3469915776622656,1.5,0.9463946303571862,0.0051014049192676,0.3156754190090022,0.1603884119641349,충청남도 금산군,충청남도 금산군,1140,1241,-101,-1.5067880053707297
200,0,183,강원도 고성군,기초자치단체,0.036695080059079,0.0031022624296576,56513.40996168582,18216837.306031033,0.083,455493.8,177.0,3132,25004,0.1704576931060095,1,0.2160958818106532,0,0.1939941972355606,0,0.6447143861010182,3,0.1456148539583952,0,2.1821551366707697,0.8112781244591328,0.8112781244591328,0.0385048181031707,0.2808034517655122,0.1596541349343414,강원도 고성군,강원도 고성군,902,932,-30,-0.9575486753909991
201,0,184,전라남도 완도군,기초자치단체,0.0190104488016965,0.0011899224697989,20000.0,16807817.742427442,0.062,716366.0,95.0,4750,42621,0.2523224799936896,2,0.2160958818106532,0,0.4058001932212103,1,0.282778899218116,1,0.1456148539583952,0,2.2490069385592504,1.5,0.9463946303571862,0.0196716666968761,0.2949462822682871,0.1573089744825816,전라남도 완도군,전라남도 완도군,849,1171,-322,-6.77752052199537
202,0,185,경상북도 예천군,기초자치단체,0.0204947132065873,0.0019670863367949,25637.33256517356,13033150.648051998,0.095,677749.9,178.0,6943,52002,0.2523224799936896,2,0.5451988715434295,1,0.1939941972355606,0,0.1748538108433025,0,0.1456148539583952,0,2.230280047628867,0.9182958340544896,0.9182958340544896,0.0212523259629613,0.2909845155426246,0.1561184207527929,경상북도 예천군,경상북도 예천군,1460,1672,-212,-3.052995391705069
203,0,186,경상북도 경산시,기초자치단체,0.0005906674730003,0.0001293943873529,691.8347772763723,5346713.960546282,0.2189999999999999,1409393.8,44.0,63599,263600,0.1704576931060095,1,0.2160958818106532,0,0.6866271535089449,2,0.1748538108433025,0,0.1456148539583952,0,2.311945227281795,0.9182958340544896,0.9182958340544896,5.562123992834014e-05,0.3082611896364164,0.1541584054381723,경상북도 경산시,경상북도 경산시,15869,15576,293,0.4606918238993711
204,0,187,부산광역시 금정구,기초자치단체,0.0115762129500546,0.0019910344995246,5800.9061269424565,2913513.617331848,0.171,606780.0,274.0,47234,208264,0.2523224799936896,2,0.2160958818106532,0,0.4058001932212103,1,0.282778899218116,1,0.1456148539583952,0,2.2490069385592504,1.5,0.9463946303571862,0.0117546178567637,0.2949462822682871,0.1533504500625254,부산광역시 금정구,부산광역시 금정구,9643,11395,-1752,-3.7091140044458557
205,0,188,강원도 강릉시,기초자치단체,0.012253084536545,0.0018615976302535,14713.331242914686,7903604.411502408,0.151,1595231.9,610.0,41459,201836,0.2523224799936896,2,0.2160958818106532,0,0.1939941972355606,0,0.1748538108433025,0,0.3954091969794811,2,2.232675566862687,1.0,1.0,0.0124754485535118,0.2914912995264964,0.1519833740400041,강원도 강릉시,강원도 강릉시,8472,9533,-1061,-2.559093101784853
206,0,189,부산광역시 기장군,기초자치단체,0.0005384382365337,0.0001432631366321,734.1408883104749,5124422.831783202,0.266,868323.2,22.0,29967,169448,0.1242654371597472,0,0.2160958818106532,0,0.4058001932212103,1,0.1748538108433025,0,0.3954091969794811,2,2.234720354068884,0.9182958340544896,0.9182958340544896,0.0,0.2919238844090958,0.1459619422045479,부산광역시 기장군,부산광역시 기장군,5037,5598,-561,-1.8719967965830218
207,0,190,경상북도 경주시,기초자치단체,0.0085976637549731,0.0015369819074298,13674.43858434957,8896941.80409425,0.178,2101324.2,573.0,41903,236185,0.3802565805521698,3,0.2160958818106532,0,0.1939941972355606,0,0.282778899218116,1,0.2342275876890973,1,2.1723266672235244,1.3709505944546687,0.8649735207179273,0.0085826281700322,0.2787241902711703,0.1436534092206012,경상북도 경주시,경상북도 경주시,8254,9432,-1178,-2.8111874761359297
208,0,191,부산광역시 동래구,기초자치단체,0.0010434450330412,0.0002328096832988,482.3182142650435,2071727.461807686,0.223,536886.1,25.0,51833,259149,0.1704576931060095,1,0.2160958818106532,0,0.4058001932212103,1,0.1748538108433025,0,0.2342275876890973,1,2.201435166670273,1.584962500721156,1.0,0.0005378042279431,0.2848822378067061,0.1427100210173246,부산광역시 동래구,부산광역시 동래구,9886,11197,-1311,-2.5292279198981364
209,0,192,서울특별시 강서구,기초자치단체,0.00124461571578,0.0002627774105553,711.3069917293128,2706880.284062254,0.211,1454534.0,102.0,143398,537347,0.1242654371597472,0,0.2160958818106532,0,0.4058001932212103,1,0.1748538108433025,0,0.2342275876890973,1,2.1552429107240103,1.0,1.0,0.000752039847074,0.275110036789917,0.1379310383184955,서울특별시 강서구,서울특별시 강서구,33631,32784,847,0.5906596280308788
210,0,193,강원도 양구군,기초자치단체,0.0075244972999468,0.0007250762368572,18847.30947828462,25993555.601789244,0.096,499752.1,69.0,3661,19226,0.1704576931060095,1,0.2160958818106532,0,0.4058001932212103,1,0.1748538108433025,0,0.1456148539583952,0,2.112822432939571,1.0,1.0,0.0074397654188945,0.2661357741641638,0.1367877697915291,강원도 양구군,강원도 양구군,820,1032,-212,-5.789186237028946
211,0,194,충청남도 태안군,기초자치단체,0.009997063663148,0.0012157113501603,17162.122544708298,14116938.648672644,0.121,794995.4,117.08,6822,56315,0.1704576931060095,1,0.2160958818106532,0,0.1939941972355606,0,0.282778899218116,1,0.2342275876890973,1,2.0975542590594367,1.584962500721156,1.0,0.010072911454147,0.2629057161975311,0.1364893138258391,충청남도 태안군,충청남도 태안군,1400,1722,-322,-4.719331672284919
212,0,195,부산광역시 동구,기초자치단체,0.0068584700318933,0.0011905934733612,5720.823798627002,4805018.611832578,0.173,401454.5,95.0,16606,83549,0.2523224799936896,2,0.2160958818106532,0,0.4058001932212103,1,0.1748538108433025,0,0.1456148539583952,0,2.1129830538817407,0.9182958340544896,0.9182958340544896,0.0067304833197987,0.2661697543217082,0.1364501188207535,부산광역시 동구,부산광역시 동구,4425,4272,153,0.9212982477268622
213,0,196,강원도 홍천군,기초자치단체,0.0227628834724087,0.0026938003835903,40004.520284777944,14850588.23529412,0.1169999999999999,921479.0,354.0,8849,62050,0.3802565805521698,3,0.2160958818106532,0,0.1939941972355606,0,0.282778899218116,1,0.1456148539583952,0,2.0300185372340276,0.8112781244591328,0.8112781244591328,0.0236678014913887,0.2486181990375203,0.1361430002644545,강원도 홍천군,강원도 홍천군,1818,2045,-227,-2.5649717514124295
214,0,197,울산광역시 동구,기초자치단체,0.0076492239480018,0.0014742823675873,3469.085390091425,2353067.1371784396,0.192,342740.7,96.0,27673,145657,0.1704576931060095,1,0.2160958818106532,0,0.1939941972355606,0,0.282778899218116,1,0.2342275876890973,1,2.0975542590594367,1.584962500721156,1.0,0.0075725923810761,0.2629057161975311,0.1352391542893036,울산광역시 동구,울산광역시 동구,5985,6120,-135,-0.4878225048782251
215,0,198,경상북도 울진군,기초자치단체,0.111646823888544,0.0128748509225517,247105.58147572144,19192888.753600113,0.109,819670.7,1430.0,5787,42707,0.1242654371597472,0,0.2160958818106532,0,0.8464558322376003,3,0.1748538108433025,0,0.1456148539583952,0,1.5072858160096985,0.0,0.0,0.1183242680629685,0.1380314973228454,0.1281778826929069,경상북도 울진군,경상북도 울진군,1382,1477,-95,-1.6413268832066346
216,0,199,부산광역시 사하구,기초자치단체,0.010982211423022,0.0018110089128039,4042.549546926121,2232208.5321309357,0.1639999999999999,638623.7,236.0,58379,286095,0.3802565805521698,3,0.2160958818106532,0,0.1939941972355606,0,0.1748538108433025,0,0.2342275876890973,1,2.0107061825899164,0.8112781244591328,0.8112781244591328,0.011122039176928,0.244532574557319,0.1278273068671235,부산광역시 사하구,부산광역시 사하구,9407,11874,-2467,-4.2257622473449805
217,0,200,대구광역시 중구,기초자치단체,0.0105528223525092,0.0030340881325435,16709.692560431824,5507319.441780165,0.286,459354.5,356.0,21305,83408,0.2523224799936896,2,0.2160958818106532,0,0.1939941972355606,0,0.282778899218116,1,0.1456148539583952,0,2.009102146270904,0.9182958340544896,0.9182958340544896,0.0106647636330119,0.2441932327125333,0.1274289981727726,대구광역시 중구,대구광역시 중구,9378,6598,2780,13.047967708626679
218,0,201,경상남도 의령군,기초자치단체,0.0415326213227406,0.003265351781802,83912.84191006026,25697948.49599654,0.077,593751.1,181.0,2157,23105,0.1242654371597472,0,0.8255176774251182,2,0.1939941972355606,0,0.1748538108433025,0,0.1456148539583952,0,1.4642459766221236,0.0,0.0,0.043656531233446,0.1289262056757998,0.0862913684546229,경상남도 의령군,경상남도 의령군,425,589,-164,-7.599629286376275
219,0,202,서울특별시 양천구,기초자치단체,0.0158444553946234,0.0040405730236482,11039.587685716408,2732183.683132344,0.253,1130992.9,1041.0,94297,413952,0.7930692900011372,6,0.2160958818106532,0,0.1939941972355606,0,0.1748538108433025,0,0.1456148539583952,0,1.5236280338490489,0.0,0.0,0.016300059321017,0.1414887746199765,0.0788944169704968,서울특별시 양천구,서울특별시 양천구,14157,16315,-2158,-2.2884896816475426
220,0,203,강원도 화천군,기초자치단체,0.0973354903573588,0.0071561069417408,144801.026957638,20234609.143838886,0.07,423996.0,564.0,3895,20954,0.2523224799936896,2,0.2160958818106532,0,0.1939941972355606,0,0.1748538108433025,0,0.1456148539583952,0,0.9828812238416011,0.0,0.0,0.1030834916342106,0.0270911030118262,0.0650872973230184,강원도 화천군,강원도 화천군,1277,1405,-128,-3.285420944558522
221,0,204,대전광역시 중구,기초자치단체,0.0143074616441038,0.0018156982102039,5949.797500703875,3276864.771505944,0.126,698198.3,274.72,46173,213069,0.1242654371597472,0,0.2160958818106532,0,0.1939941972355606,0,0.1748538108433025,0,0.6000745015411126,3,1.309283828590376,0.0,0.0,0.0146632462264844,0.0961431941181629,0.0554032201723237,대전광역시 중구,대전광역시 중구,9552,10090,-538,-1.1651578810586043
222,0,205,대전광역시 대덕구,기초자치단체,0.0103622942645471,0.0014999283018372,5611.431855586614,3741133.3919849526,0.144,616594.9,214.8,38279,164815,0.1242654371597472,0,0.2160958818106532,0,0.1939941972355606,0,0.1748538108433025,0,0.6000745015411126,3,1.309283828590376,0.0,0.0,0.0104618617870237,0.0961431941181629,0.0533025279525933,대전광역시 대덕구,대전광역시 대덕구,7370,7655,-285,-0.744514106583072
223,0,206,경상북도 영덕군,기초자치단체,0.0552320305489253,0.0043157202541367,92921.96007259528,21531043.395022336,0.076,674782.9,256.0,2755,31340,0.2523224799936896,2,0.2160958818106532,0,0.1939941972355606,0,0.1748538108433025,0,0.1456148539583952,0,0.9828812238416011,0.0,0.0,0.0582456422179242,0.0270911030118262,0.0426683726148752,경상북도 영덕군,경상북도 영덕군,618,869,-251,-9.107402031930334
224,0,207,경상북도 안동시,기초자치단체,0.0206553309030827,0.0023374544040085,28456.710716095586,12174231.36352711,0.1119999999999999,1772750.7,730.0,25653,145615,0.3802565805521698,3,0.2160958818106532,0,0.1939941972355606,0,0.1748538108433025,0,0.1456148539583952,0,1.1108153244000816,0.0,0.0,0.0214233749010253,0.0541561969750648,0.037789785938045,경상북도 안동시,경상북도 안동시,7012,6107,905,3.5277149762220317
225,0,208,경상북도 김천시,기초자치단체,0.0142302125371332,0.0017198332790627,18532.315142484633,10775646.318801366,0.12,1385888.2,398.0,21476,128613,0.3802565805521698,3,0.2160958818106532,0,0.1939941972355606,0,0.1748538108433025,0,0.1456148539583952,0,1.1108153244000816,0.0,0.0,0.0145809802122032,0.0541561969750648,0.034368588593634,경상북도 김천시,경상북도 김천시,4519,5513,-994,-4.628206919029659
226,0,209,경상북도 봉화군,기초자치단체,0.0070103464234155,0.0004361685382389,8775.77885037297,20120155.584367476,0.062,543143.6,20.0,2279,26995,0.1242654371597472,0,0.2160958818106532,0,0.4058001932212103,1,0.1748538108433025,0,0.1456148539583952,0,1.0666301769933084,0.0,0.0,0.006892223252905,0.0448086097319184,0.0258504164924117,경상북도 봉화군,경상북도 봉화군,444,668,-224,-9.824561403508772
227,0,210,부산광역시 서구,기초자치단체,0.0039403975483652,0.0005369512725585,2342.039611017769,4361735.8421703605,0.136,430232.9,46.0,19641,98638,0.1242654371597472,0,0.2160958818106532,0,0.4058001932212103,1,0.1748538108433025,0,0.1456148539583952,0,1.0666301769933084,0.0,0.0,0.0036228979765145,0.0448086097319184,0.0242157538542164,부산광역시 서구,부산광역시 서구,4332,4682,-350,-1.7818959372772631
228,0,211,부산광역시 강서구,기초자치단체,0.0019276771457539,0.0008239120042733,2867.2073400507907,3479992.189917626,0.427,472311.5,70.0,24414,135722,0.1242654371597472,0,0.2160958818106532,0,0.4058001932212103,1,0.1748538108433025,0,0.1456148539583952,0,1.0666301769933084,0.0,0.0,0.0014794623838106,0.0448086097319184,0.0231440360578645,부산광역시 강서구,부산광역시 강서구,5706,5446,260,1.0649191071062871
229,0,212,경상북도 청도군,기초자치단체,0.0346927276963708,0.002894726315316,55006.67556742323,19002375.207763657,0.0819999999999999,708826.6,206.0,3745,37302,0.1704576931060095,1,0.2160958818106532,0,0.1939941972355606,0,0.1748538108433025,0,0.1456148539583952,0,0.9010164369539212,0.0,0.0,0.0363724238978974,0.0097722010167889,0.0230723124573432,경상북도 청도군,경상북도 청도군,685,945,-260,-6.9407367859049645
230,0,213,강원도 양양군,기초자치단체,0.027184105986578,0.0030588230860054,59466.40951462552,19440944.390243903,0.111,498174.2,185.0,3111,25625,0.1704576931060095,1,0.2160958818106532,0,0.1939941972355606,0,0.1748538108433025,0,0.1456148539583952,0,0.9010164369539212,0.0,0.0,0.028376158244686,0.0097722010167889,0.0190741796307374,강원도 양양군,강원도 양양군,679,814,-135,-4.338046272493573
231,0,214,강원도 철원군,기초자치단체,0.0208649416923611,0.0020873295064727,31752.999707345625,15212260.263116185,0.099,575844.9,217.0,6834,37854,0.1704576931060095,1,0.2160958818106532,0,0.1939941972355606,0,0.1748538108433025,0,0.1456148539583952,0,0.9010164369539212,0.0,0.0,0.021646598765488,0.0097722010167889,0.0157093998911385,강원도 철원군,강원도 철원군,1605,1914,-309,-4.520848573518654
232,0,215,서울특별시 중구,기초자치단체,0.0030453975128207,0.0017019220113189,9381.97086996457,5512573.906188412,0.5579999999999999,629343.0,286.0,30484,114165,0.2523224799936896,2,0.2160958818106532,0,0.1939941972355606,0,0.1748538108433025,0,0.1456148539583952,0,0.9828812238416011,0.0,0.0,0.0026697725800767,0.0270911030118262,0.0148804377959515,서울특별시 중구,서울특별시 중구,8650,7208,1442,4.7301951779563725
233,0,216,전라남도 장성군,기초자치단체,0.0022852200502698,0.000251661647131,3736.9207772795216,14848987.99590892,0.11,551699.3,20.0,5352,37154,0.1242654371597472,0,0.2160958818106532,0,0.1939941972355606,0,0.282778899218116,1,0.1456148539583952,0,0.9627492693824722,0.0,0.0,0.0018602257459069,0.0228320881227435,0.0123461569343252,전라남도 장성군,전라남도 장성군,1497,1694,-197,-3.6801793386885855
234,0,217,경기도 연천군,기초자치단체,0.0022072452201413,0.0003314524468679,6201.092573453418,18708845.362435862,0.15,718288.7,42.0,6773,38393,0.1242654371597472,0,0.2160958818106532,0,0.1939941972355606,0,0.282778899218116,1,0.1456148539583952,0,0.9627492693824722,0.0,0.0,0.001777186876715,0.0228320881227435,0.0123046374997292,경기도 연천군,경기도 연천군,1459,1749,-290,-4.281074697372306
235,0,218,인천광역시 강화군,기초자치단체,0.0005614426142816,6.907683108044104e-05,778.816199376947,11274637.055512918,0.123,705160.9,6.0,7704,62544,0.1242654371597472,0,0.2160958818106532,0,0.1939941972355606,0,0.282778899218116,1,0.1456148539583952,0,0.9627492693824722,0.0,0.0,2.449838635758178e-05,0.0228320881227435,0.0114282932545505,인천광역시 강화군,인천광역시 강화군,1331,1575,-244,-3.166774821544452
236,0,219,강원도 속초시,기초자치단체,0.0011770210046574,0.0002060999440027,1456.02795573675,7064669.341770199,0.175,549306.3,20.0,13736,77754,0.1242654371597472,0,0.2160958818106532,0,0.1939941972355606,0,0.1748538108433025,0,0.2342275876890973,1,0.9434369147383608,0.0,0.0,0.0006800552288872,0.0187464636425422,0.0097132594357147,강원도 속초시,강원도 속초시,3233,3746,-513,-3.7344398340248963
